,node,n,treat,type_tr,type_no_tr
0,943,9,PrEP,large,large
1,599,2,No_PrEP,large,large
2,1110,1,No_PrEP,large,large
3,2539,1,No_PrEP,large,large
4,2400,4,No_PrEP,large,large
5,1816,8,PrEP,large,large
6,1127,14,PrEP,large,large
7,853,1,No_PrEP,large,large
8,2311,2,No_PrEP,large,large
9,2592,2,No_PrEP,large,large
10,1473,11,PrEP,large,large
11,360,4,No_PrEP,large,large
12,1771,1,No_PrEP,large,large
13,954,16,PrEP,large,large
14,2498,3,No_PrEP,large,large
15,1746,1,No_PrEP,large,large
16,1617,3,No_PrEP,large,large
17,884,13,PrEP,large,large
18,1396,9,PrEP,large,large
19,85,9,PrEP,large,large
20,595,1,No_PrEP,large,large
21,2051,7,PrEP,large,large
22,2395,1,No_PrEP,large,large
23,667,9,PrEP,large,large
24,1980,2,No_PrEP,large,large
25,1013,5,PrEP,large,large
26,1301,2,No_PrEP,large,large
27,2393,1,No_PrEP,large,large
28,2576,1,No_PrEP,large,large
29,2137,1,No_PrEP,large,large
30,218,3,No_PrEP,large,large
31,813,3,No_PrEP,large,large
32,1300,1,No_PrEP,large,large
33,2123,2,No_PrEP,large,large
34,1592,4,No_PrEP,large,large
35,953,5,No_PrEP,large,large
36,1850,2,No_PrEP,large,large
37,1818,4,No_PrEP,large,large
38,1042,1,No_PrEP,large,large
39,898,1,No_PrEP,large,large
40,1153,8,PrEP,large,large
41,2111,4,No_PrEP,large,large
42,1340,8,PrEP,large,large
43,1041,9,PrEP,large,large
44,1705,2,No_PrEP,large,large
45,1378,1,No_PrEP,large,large
46,1235,2,No_PrEP,large,large
47,1691,3,No_PrEP,large,large
48,1131,4,No_PrEP,large,large
49,1199,11,PrEP,large,large
50,254,12,PrEP,large,large
51,2744,2,No_PrEP,large,large
52,1830,2,No_PrEP,large,large
53,2037,1,No_PrEP,large,large
54,2179,2,No_PrEP,large,large
55,600,1,No_PrEP,large,large
56,2607,3,No_PrEP,large,large
57,2586,3,No_PrEP,large,large
58,874,1,No_PrEP,large,large
59,102,2,No_PrEP,large,large
60,1284,3,No_PrEP,large,large
61,327,3,No_PrEP,large,large
62,2301,5,PrEP,large,large
63,451,2,No_PrEP,large,large
64,151,1,No_PrEP,large,large
65,1046,9,PrEP,large,large
66,1945,9,PrEP,large,large
67,920,2,No_PrEP,large,large
68,1565,1,No_PrEP,large,large
69,2608,2,No_PrEP,large,large
70,988,14,PrEP,large,large
71,2726,2,No_PrEP,large,large
72,2630,3,No_PrEP,large,large
73,1189,11,PrEP,large,large
74,966,3,No_PrEP,large,large
75,1005,1,No_PrEP,large,large
76,500,13,PrEP,large,large
77,2113,1,No_PrEP,large,large
78,930,1,No_PrEP,large,large
79,2450,1,No_PrEP,large,large
80,1539,4,PrEP,large,large
81,2609,2,No_PrEP,large,large
82,1434,7,PrEP,large,large
83,1743,12,PrEP,large,large
84,1702,1,No_PrEP,large,large
85,373,1,No_PrEP,large,large
86,412,2,No_PrEP,large,large
87,1307,3,No_PrEP,large,large
88,381,3,PrEP,large,large
89,2010,1,No_PrEP,large,large
90,413,1,No_PrEP,large,large
91,498,6,No_PrEP,large,large
92,2159,1,No_PrEP,large,large
93,115,1,No_PrEP,large,large
94,239,5,PrEP,large,large
95,854,1,No_PrEP,large,large
96,2110,1,No_PrEP,large,large
97,1023,12,PrEP,large,large
98,2611,5,PrEP,small,large
99,1651,9,PrEP,large,large
100,2008,8,PrEP,large,large
101,1930,2,No_PrEP,large,large
102,2438,6,PrEP,large,large
103,1556,1,No_PrEP,large,large
104,1721,1,No_PrEP,large,large
105,775,8,PrEP,large,large
106,1273,2,No_PrEP,large,large
107,2164,2,No_PrEP,large,large
108,2470,4,No_PrEP,large,large
109,1367,2,No_PrEP,large,large
110,190,1,No_PrEP,large,large
111,383,1,No_PrEP,large,large
112,1412,1,No_PrEP,large,large
113,1353,7,PrEP,large,large
114,1781,1,No_PrEP,large,large
115,1420,1,No_PrEP,large,large
116,800,11,PrEP,large,large
117,818,9,PrEP,large,large
118,1471,4,No_PrEP,large,large
119,241,3,No_PrEP,large,large
120,648,13,PrEP,large,large
121,1125,2,No_PrEP,large,large
122,388,2,No_PrEP,large,large
123,1529,2,No_PrEP,large,large
124,1879,8,PrEP,large,large
125,819,4,No_PrEP,large,large
126,19,1,No_PrEP,large,large
127,1504,7,PrEP,large,large
128,2713,7,PrEP,small,large
129,722,7,PrEP,large,large
130,2622,1,No_PrEP,large,large
131,1650,1,No_PrEP,large,large
132,1105,3,No_PrEP,large,large
133,299,1,No_PrEP,large,large
134,603,10,PrEP,large,large
135,1432,3,No_PrEP,large,large
136,625,3,No_PrEP,large,large
137,1402,2,No_PrEP,large,large
138,2205,1,No_PrEP,large,large
139,684,8,PrEP,large,large
140,2175,1,No_PrEP,large,large
141,322,1,No_PrEP,large,large
142,1172,3,No_PrEP,large,large
143,2232,1,No_PrEP,large,large
144,421,2,No_PrEP,large,large
145,673,4,No_PrEP,large,large
146,465,1,No_PrEP,large,large
147,2112,4,No_PrEP,large,large
148,976,1,No_PrEP,large,large
149,502,2,No_PrEP,large,large
150,1913,5,PrEP,large,large
151,1014,2,No_PrEP,large,large
152,956,1,No_PrEP,large,large
153,2304,5,PrEP,large,large
154,453,1,No_PrEP,large,large
155,572,2,No_PrEP,large,large
156,1561,2,No_PrEP,large,large
157,1982,1,No_PrEP,large,large
158,30,4,PrEP,large,large
159,1506,8,PrEP,large,large
160,1251,1,No_PrEP,large,large
161,175,3,No_PrEP,large,large
162,285,2,No_PrEP,large,large
163,318,10,PrEP,large,large
164,1581,13,PrEP,large,large
165,200,11,PrEP,large,large
166,466,3,No_PrEP,large,large
167,1486,18,PrEP,large,large
168,1214,3,No_PrEP,large,large
169,349,19,PrEP,large,large
170,714,2,No_PrEP,large,large
171,152,2,No_PrEP,large,large
172,414,1,No_PrEP,large,large
173,2503,1,No_PrEP,large,large
174,711,11,PrEP,large,large
175,41,9,PrEP,large,large
176,628,4,PrEP,large,large
177,1764,5,No_PrEP,large,large
178,156,11,PrEP,large,large
179,1782,7,PrEP,large,large
180,1748,1,No_PrEP,large,large
181,981,1,No_PrEP,large,large
182,2652,3,No_PrEP,small,small
183,234,2,No_PrEP,large,large
184,1069,1,No_PrEP,large,large
185,1191,9,PrEP,large,large
186,783,12,PrEP,large,large
187,1198,10,PrEP,large,large
188,1399,6,No_PrEP,large,large
189,1853,1,No_PrEP,large,large
190,1965,3,No_PrEP,large,large
191,2361,1,No_PrEP,large,large
192,1364,2,No_PrEP,large,large
193,1418,7,PrEP,large,large
194,458,2,No_PrEP,large,large
195,277,2,No_PrEP,large,large
196,1024,1,No_PrEP,large,large
197,1055,5,PrEP,large,large
198,1224,11,PrEP,large,large
199,2237,5,PrEP,large,large
200,733,5,PrEP,large,large
201,729,8,PrEP,large,large
202,386,1,No_PrEP,large,large
203,1451,7,PrEP,large,large
204,2125,1,No_PrEP,large,large
205,579,2,No_PrEP,large,large
206,2065,2,No_PrEP,large,large
207,2007,1,No_PrEP,large,large
208,422,8,PrEP,large,large
209,2126,4,No_PrEP,large,large
210,634,3,No_PrEP,large,large
211,2047,8,PrEP,large,large
212,1122,3,No_PrEP,large,large
213,949,11,PrEP,large,large
214,534,5,No_PrEP,large,large
215,351,1,No_PrEP,large,large
216,985,7,PrEP,large,large
217,2011,7,PrEP,large,large
218,665,3,No_PrEP,large,large
219,1056,2,No_PrEP,large,large
220,1260,2,No_PrEP,large,large
221,1789,4,PrEP,large,large
222,1229,1,No_PrEP,large,large
223,1755,5,PrEP,large,large
224,842,3,No_PrEP,large,large
225,861,1,No_PrEP,large,large
226,1737,1,No_PrEP,large,large
227,1193,11,PrEP,large,large
228,780,5,No_PrEP,large,large
229,437,1,No_PrEP,large,large
230,512,3,No_PrEP,large,large
231,581,1,No_PrEP,large,large
232,1706,1,No_PrEP,large,large
233,1332,1,No_PrEP,large,large
234,1845,4,PrEP,large,large
235,507,4,No_PrEP,large,large
236,1158,14,PrEP,large,large
237,27,4,No_PrEP,large,large
238,1488,9,PrEP,large,large
239,497,13,PrEP,large,large
240,1786,1,No_PrEP,large,large
241,702,1,No_PrEP,large,large
242,1489,2,No_PrEP,large,large
243,2558,2,No_PrEP,large,large
244,977,4,No_PrEP,large,large
245,163,11,PrEP,large,large
246,601,2,No_PrEP,large,large
247,2165,1,No_PrEP,large,large
248,2387,1,No_PrEP,large,large
249,446,13,PrEP,large,large
250,883,1,No_PrEP,large,large
251,439,2,No_PrEP,large,large
252,1190,10,PrEP,large,large
253,1787,1,No_PrEP,large,large
254,330,2,No_PrEP,large,large
255,192,1,No_PrEP,large,large
256,1954,1,No_PrEP,large,large
257,973,4,No_PrEP,large,large
258,1139,8,PrEP,large,large
259,890,1,No_PrEP,large,large
260,385,2,No_PrEP,large,large
261,1864,4,PrEP,large,large
262,2320,13,PrEP,large,large
263,1266,1,No_PrEP,large,large
264,998,7,PrEP,large,large
265,2646,2,PrEP,small,small
266,353,10,PrEP,large,large
267,1734,1,No_PrEP,large,large
268,652,1,No_PrEP,large,large
269,284,4,No_PrEP,large,large
270,1137,16,PrEP,large,large
271,636,7,PrEP,large,large
272,1999,1,No_PrEP,large,large
273,352,5,No_PrEP,large,large
274,952,13,PrEP,large,large
275,1589,10,PrEP,large,large
276,532,3,No_PrEP,large,large
277,1551,2,No_PrEP,large,large
278,1520,2,No_PrEP,large,large
279,2861,2,No_PrEP,large,large
280,1531,1,No_PrEP,large,large
281,2430,5,PrEP,large,large
282,1074,6,PrEP,large,large
283,1562,7,PrEP,large,large
284,641,1,No_PrEP,large,large
285,22,1,No_PrEP,large,large
286,669,7,PrEP,large,large
287,1182,12,PrEP,large,large
288,1681,1,No_PrEP,large,large
289,290,7,PrEP,large,large
290,2136,2,No_PrEP,large,large
291,65,2,No_PrEP,large,large
292,2127,2,No_PrEP,large,large
293,43,16,PrEP,large,large
294,2394,4,PrEP,large,large
295,549,8,PrEP,large,large
296,1951,1,No_PrEP,large,large
297,598,12,PrEP,large,large
298,1107,1,No_PrEP,large,large
299,423,5,No_PrEP,large,large
300,236,14,PrEP,large,large
301,2759,6,PrEP,small,large
302,1196,12,PrEP,large,large
303,1225,2,No_PrEP,small,large
304,569,2,No_PrEP,large,large
305,1698,1,No_PrEP,large,large
306,1646,2,No_PrEP,large,large
307,313,1,No_PrEP,large,large
308,846,1,No_PrEP,large,large
309,616,1,No_PrEP,large,large
310,462,5,PrEP,large,large
311,1938,1,No_PrEP,large,large
312,535,9,PrEP,large,large
313,1403,1,No_PrEP,large,large
314,939,1,No_PrEP,large,large
315,1612,1,No_PrEP,large,large
316,754,4,No_PrEP,large,large
317,1078,10,PrEP,large,large
318,205,12,PrEP,large,large
319,1465,2,No_PrEP,large,large
320,2072,1,No_PrEP,large,large
321,1843,1,No_PrEP,large,large
322,1302,1,No_PrEP,large,large
323,348,5,PrEP,large,large
324,1940,3,No_PrEP,large,large
325,340,1,No_PrEP,large,large
326,2748,1,PrEP,small,large
327,1073,1,No_PrEP,large,large
328,1588,1,No_PrEP,large,large
329,92,2,No_PrEP,large,large
330,1228,1,No_PrEP,large,large
331,133,1,No_PrEP,large,large
332,1672,1,No_PrEP,large,large
333,56,1,No_PrEP,large,large
334,1823,1,No_PrEP,large,large
335,177,1,No_PrEP,large,large
336,897,6,PrEP,large,large
337,368,11,PrEP,large,large
338,522,7,PrEP,large,large
339,915,12,PrEP,large,large
340,342,1,No_PrEP,large,large
341,807,1,No_PrEP,large,large
342,2702,1,No_PrEP,small,small
343,697,1,No_PrEP,large,large
344,1136,8,PrEP,large,large
345,79,3,PrEP,small,large
346,1516,5,PrEP,large,large
347,2817,1,No_PrEP,large,large
348,597,6,PrEP,large,large
349,210,8,PrEP,large,large
350,297,7,PrEP,large,large
351,2040,1,No_PrEP,large,large
352,2635,2,No_PrEP,large,large
353,789,3,No_PrEP,large,large
354,1915,4,No_PrEP,large,large
355,1492,5,PrEP,large,large
356,1126,2,No_PrEP,large,large
357,718,11,PrEP,large,large
358,230,2,No_PrEP,large,large
359,1021,11,PrEP,large,large
360,68,1,No_PrEP,large,large
361,1293,8,PrEP,large,large
362,80,1,No_PrEP,large,large
363,345,1,No_PrEP,large,large
364,1872,16,PrEP,large,large
365,1156,13,PrEP,large,large
366,149,3,No_PrEP,large,large
367,1358,2,No_PrEP,large,large
368,1177,8,PrEP,large,large
369,1595,9,PrEP,large,large
370,1577,2,No_PrEP,large,large
371,1688,2,No_PrEP,large,large
372,1291,3,No_PrEP,large,large
373,2721,2,PrEP,small,large
374,892,1,No_PrEP,large,large
375,632,1,No_PrEP,large,large
376,2305,1,No_PrEP,large,large
377,929,4,No_PrEP,large,large
378,551,1,No_PrEP,large,large
379,910,3,No_PrEP,large,large
380,1660,2,No_PrEP,large,large
381,167,6,PrEP,large,large
382,1239,3,No_PrEP,large,large
383,2651,6,PrEP,small,large
384,1091,1,No_PrEP,large,large
385,503,5,PrEP,large,large
386,1584,6,PrEP,large,large
387,2213,2,No_PrEP,large,large
388,1859,3,No_PrEP,large,large
389,1640,2,No_PrEP,large,large
390,142,11,PrEP,large,large
391,1707,2,No_PrEP,large,large
392,638,8,PrEP,large,large
393,552,6,PrEP,large,large
394,2108,2,No_PrEP,large,large
395,127,7,PrEP,large,large
396,237,3,No_PrEP,large,large
397,864,4,PrEP,large,large
398,419,1,No_PrEP,large,large
399,1738,2,No_PrEP,large,large
400,2751,1,No_PrEP,large,large
401,1015,1,No_PrEP,large,large
402,637,5,PrEP,large,large
403,1188,12,PrEP,large,large
404,725,1,No_PrEP,large,large
405,1321,2,No_PrEP,large,large
406,2590,8,PrEP,large,large
407,1732,12,PrEP,large,large
408,2437,1,No_PrEP,small,small
409,252,2,No_PrEP,large,large
410,1108,2,No_PrEP,large,large
411,1337,2,No_PrEP,large,large
412,795,7,PrEP,large,large
413,1208,4,No_PrEP,large,large
414,398,3,No_PrEP,large,large
415,1946,2,No_PrEP,large,large
416,936,1,No_PrEP,large,large
417,86,2,No_PrEP,large,large
418,894,7,PrEP,large,large
419,420,1,No_PrEP,small,small
420,1012,7,PrEP,large,large
421,1540,1,No_PrEP,large,large
422,1928,7,PrEP,large,large
423,20,1,No_PrEP,large,large
424,404,6,PrEP,large,large
425,937,4,PrEP,large,large
426,279,5,PrEP,large,large
427,1727,8,PrEP,large,large
428,300,9,PrEP,large,large
429,2420,4,No_PrEP,large,large
430,1305,1,No_PrEP,large,large
431,893,2,No_PrEP,large,large
432,582,2,No_PrEP,large,large
433,946,1,No_PrEP,large,large
434,1111,1,No_PrEP,large,large
435,752,1,No_PrEP,large,large
436,44,1,No_PrEP,large,large
437,1798,3,No_PrEP,large,large
438,35,1,No_PrEP,large,large
439,257,11,PrEP,large,large
440,951,7,PrEP,small,large
441,247,6,PrEP,large,large
442,623,1,No_PrEP,large,large
443,408,4,No_PrEP,large,large
444,15,2,No_PrEP,large,large
445,1680,2,No_PrEP,large,large
446,2331,5,PrEP,large,large
447,1464,1,No_PrEP,large,large
448,164,3,No_PrEP,large,large
449,1375,1,No_PrEP,large,large
450,1072,11,PrEP,large,large
451,708,3,No_PrEP,large,large
452,1176,1,No_PrEP,large,large
453,2649,3,PrEP,large,large
454,378,12,PrEP,large,large
455,1696,2,No_PrEP,large,large
456,589,1,No_PrEP,large,large
457,739,9,PrEP,large,large
458,1608,1,No_PrEP,large,large
459,354,10,PrEP,large,large
460,1339,4,PrEP,large,large
461,9,7,PrEP,large,large
462,505,1,No_PrEP,large,large
463,630,1,No_PrEP,large,large
464,928,1,No_PrEP,large,large
465,1324,2,No_PrEP,large,large
466,1653,2,No_PrEP,large,large
467,1860,1,No_PrEP,large,large
468,475,9,PrEP,large,large
469,1749,1,No_PrEP,large,large
470,1814,4,No_PrEP,large,large
471,131,1,No_PrEP,large,large
472,2457,2,No_PrEP,large,large
473,2416,1,No_PrEP,large,large
474,1713,11,PrEP,large,large
475,1040,4,PrEP,large,large
476,2777,1,No_PrEP,small,large
477,911,9,PrEP,large,large
478,1369,13,PrEP,large,large
479,2659,1,No_PrEP,small,small
480,1654,1,No_PrEP,large,large
481,1583,5,PrEP,large,large
482,29,1,No_PrEP,large,large
483,1370,1,No_PrEP,small,small
484,1783,5,PrEP,large,large
485,1414,2,No_PrEP,large,large
486,1710,7,PrEP,large,large
487,1831,1,No_PrEP,large,large
488,2140,3,No_PrEP,large,large
489,592,1,No_PrEP,large,large
490,148,5,No_PrEP,large,large
491,1115,8,PrEP,large,large
492,416,4,No_PrEP,large,large
493,916,1,No_PrEP,large,large
494,2657,1,PrEP,small,large
495,778,9,PrEP,large,large
496,538,1,No_PrEP,large,large
497,2736,3,No_PrEP,large,large
498,971,8,PrEP,large,large
499,1549,7,PrEP,large,large
500,742,9,PrEP,large,large
501,1659,6,No_PrEP,large,large
502,656,9,PrEP,large,large
503,103,12,PrEP,large,large
504,968,1,No_PrEP,large,large
505,2057,3,No_PrEP,large,large
506,2160,2,No_PrEP,large,large
507,286,7,PrEP,large,large
508,1456,1,No_PrEP,large,large
509,2058,1,No_PrEP,large,large
510,1113,4,No_PrEP,large,large
511,129,1,No_PrEP,large,large
512,2363,2,No_PrEP,large,large
513,721,7,PrEP,large,large
514,2027,5,PrEP,large,large
515,2889,1,No_PrEP,large,large
516,1719,2,No_PrEP,large,large
517,1187,6,No_PrEP,large,large
518,2540,3,No_PrEP,large,large
519,2671,4,No_PrEP,large,large
520,999,3,No_PrEP,large,large
521,2670,5,PrEP,large,large
522,107,3,No_PrEP,large,large
523,1166,7,PrEP,large,large
524,1512,6,PrEP,large,large
525,426,8,PrEP,large,large
526,1981,1,No_PrEP,large,large
527,849,8,PrEP,large,large
528,1236,9,PrEP,large,large
529,2268,1,No_PrEP,large,large
530,1907,2,No_PrEP,large,large
531,172,1,No_PrEP,large,large
532,2735,2,PrEP,small,large
533,1433,5,PrEP,large,large
534,1032,2,No_PrEP,large,large
535,114,4,No_PrEP,large,large
536,2665,1,No_PrEP,large,large
537,2269,2,No_PrEP,large,large
538,2003,2,No_PrEP,large,large
539,501,8,PrEP,large,large
540,1286,3,No_PrEP,large,large
541,772,3,No_PrEP,large,large
542,1298,2,No_PrEP,large,large
543,1200,10,PrEP,large,large
544,1921,8,PrEP,large,large
545,962,2,No_PrEP,large,large
546,380,1,No_PrEP,large,large
547,688,1,No_PrEP,large,large
548,1670,12,PrEP,large,large
549,2626,1,No_PrEP,small,large
550,2928,1,No_PrEP,small,small
551,748,11,PrEP,large,large
552,369,19,PrEP,large,large
553,845,3,No_PrEP,large,large
554,459,8,PrEP,large,large
555,1020,3,No_PrEP,large,large
556,1163,8,PrEP,large,large
557,2000,3,No_PrEP,large,large
558,339,1,No_PrEP,large,large
559,24,2,No_PrEP,large,large
560,2082,7,PrEP,large,large
561,2142,1,No_PrEP,large,large
562,720,9,PrEP,large,large
563,2417,1,No_PrEP,large,large
564,958,13,PrEP,large,large
565,1585,1,No_PrEP,small,small
566,913,2,No_PrEP,large,large
567,1098,10,PrEP,large,large
568,882,4,No_PrEP,large,large
569,457,6,PrEP,large,large
570,530,7,PrEP,large,large
571,835,2,No_PrEP,large,large
572,1217,6,PrEP,large,large
573,2203,2,No_PrEP,large,large
574,1522,1,No_PrEP,large,large
575,1629,7,PrEP,large,large
576,2230,3,No_PrEP,large,large
577,689,8,PrEP,large,large
578,21,7,PrEP,large,large
579,1038,4,PrEP,large,large
580,2648,1,No_PrEP,large,large
581,2711,1,No_PrEP,small,small
582,734,3,No_PrEP,large,large
583,1269,11,PrEP,large,large
584,969,6,PrEP,large,large
585,1574,3,No_PrEP,large,large
586,1582,3,No_PrEP,large,large
587,1132,1,No_PrEP,large,large
588,2080,4,No_PrEP,large,large
589,749,4,No_PrEP,large,large
590,2447,4,PrEP,small,large
591,1227,2,No_PrEP,large,large
592,2015,1,No_PrEP,large,large
593,1547,10,PrEP,large,large
594,1756,1,No_PrEP,large,large
595,891,6,No_PrEP,large,large
596,537,1,No_PrEP,large,large
597,1586,3,No_PrEP,large,large
598,671,4,PrEP,large,large
599,2443,2,No_PrEP,large,large
600,325,1,No_PrEP,large,large
601,153,2,No_PrEP,large,large
602,627,3,No_PrEP,large,large
603,1806,7,PrEP,large,large
604,576,8,PrEP,large,large
605,2070,4,No_PrEP,large,large
606,427,2,No_PrEP,large,large
607,2313,7,PrEP,large,large
608,1733,1,No_PrEP,large,large
609,1336,1,No_PrEP,large,large
610,1397,11,PrEP,large,large
611,858,1,No_PrEP,large,large
612,1908,2,No_PrEP,large,large
613,2180,8,PrEP,large,large
614,1061,4,No_PrEP,large,large
615,1633,10,PrEP,large,large
616,2451,1,PrEP,small,large
617,1474,7,PrEP,large,large
618,2734,1,No_PrEP,large,large
619,2177,7,PrEP,large,large
620,1296,13,PrEP,large,large
621,1636,2,No_PrEP,large,large
622,615,2,No_PrEP,large,large
623,376,1,No_PrEP,large,large
624,950,6,PrEP,large,large
625,450,1,No_PrEP,large,large
626,38,3,No_PrEP,large,large
627,1081,3,No_PrEP,large,large
628,1215,12,PrEP,large,large
629,45,7,PrEP,large,large
630,364,3,PrEP,large,large
631,435,1,No_PrEP,large,large
632,1942,10,PrEP,large,large
633,740,9,PrEP,large,large
634,1731,7,PrEP,large,large
635,914,1,No_PrEP,large,large
636,445,1,No_PrEP,large,large
637,744,9,PrEP,large,large
638,1790,2,No_PrEP,large,large
639,805,4,No_PrEP,large,large
640,1254,1,No_PrEP,large,large
641,2531,1,No_PrEP,large,large
642,764,9,PrEP,large,large
643,2068,1,No_PrEP,large,large
644,871,1,No_PrEP,large,large
645,201,1,No_PrEP,large,large
646,2727,1,No_PrEP,small,small
647,685,1,No_PrEP,large,large
648,1026,3,No_PrEP,large,large
649,1089,1,No_PrEP,large,large
650,338,1,No_PrEP,large,large
651,199,4,PrEP,large,large
652,2152,2,No_PrEP,large,large
653,1109,2,No_PrEP,large,large
654,735,1,No_PrEP,large,large
655,135,1,No_PrEP,large,large
656,609,1,No_PrEP,large,large
657,649,13,PrEP,large,large
658,455,2,No_PrEP,large,large
659,1846,4,No_PrEP,large,large
660,907,1,No_PrEP,large,large
661,728,3,No_PrEP,large,large
662,1237,1,No_PrEP,large,large
663,191,2,No_PrEP,large,large
664,663,4,No_PrEP,large,large
665,2785,1,PrEP,small,large
666,2130,1,No_PrEP,large,large
667,470,9,PrEP,large,large
668,248,15,PrEP,large,large
669,986,4,No_PrEP,large,large
670,2371,1,No_PrEP,large,large
671,2157,2,No_PrEP,large,large
672,2678,1,No_PrEP,large,large
673,2071,3,No_PrEP,large,large
674,544,4,No_PrEP,large,large
675,2733,1,No_PrEP,small,small
676,822,2,No_PrEP,large,large
677,256,1,No_PrEP,large,large
678,942,6,PrEP,large,large
679,399,6,PrEP,large,large
680,2494,1,No_PrEP,large,large
681,34,4,PrEP,large,large
682,464,3,No_PrEP,large,large
683,1221,1,No_PrEP,large,large
684,1144,1,No_PrEP,large,large
685,683,11,PrEP,large,large
686,1799,2,No_PrEP,large,large
687,1690,4,No_PrEP,large,large
688,359,3,No_PrEP,large,large
689,120,1,No_PrEP,large,large
690,508,8,PrEP,large,large
691,189,1,No_PrEP,large,large
692,258,2,No_PrEP,large,large
693,699,1,No_PrEP,large,large
694,1714,1,No_PrEP,small,small
695,2324,10,PrEP,large,large
696,449,1,No_PrEP,large,large
697,1770,1,No_PrEP,large,large
698,776,5,PrEP,large,large
699,1430,2,No_PrEP,large,large
700,1373,5,PrEP,large,large
701,1447,1,No_PrEP,large,large
702,1878,1,No_PrEP,large,large
703,1634,13,PrEP,large,large
704,474,5,PrEP,large,large
705,392,1,No_PrEP,large,large
706,169,1,No_PrEP,large,large
707,118,1,No_PrEP,large,large
708,1419,1,No_PrEP,large,large
709,384,3,No_PrEP,large,large
710,1772,3,No_PrEP,large,large
711,1297,4,PrEP,large,large
712,442,8,PrEP,large,large
713,2459,1,No_PrEP,large,large
714,784,10,PrEP,large,large
715,2732,3,PrEP,small,small
716,2168,1,No_PrEP,small,small
717,750,12,PrEP,large,large
718,238,7,PrEP,large,large
719,181,6,PrEP,large,large
720,159,1,No_PrEP,large,large
721,1063,3,No_PrEP,large,large
722,653,3,PrEP,large,large
723,865,8,PrEP,large,large
724,302,7,PrEP,large,large
725,2201,9,PrEP,large,large
726,909,2,No_PrEP,large,large
727,2052,1,No_PrEP,large,large
728,1745,6,PrEP,large,large
729,2306,5,No_PrEP,large,large
730,1289,1,No_PrEP,large,large
731,223,1,No_PrEP,large,large
732,18,2,No_PrEP,large,large
733,1175,3,No_PrEP,large,large
734,758,1,No_PrEP,large,large
735,1195,10,PrEP,large,large
736,1481,10,PrEP,large,large
737,454,1,No_PrEP,large,large
738,289,1,No_PrEP,large,large
739,1304,4,No_PrEP,large,large
740,2542,3,No_PrEP,large,large
741,52,1,No_PrEP,large,large
742,1311,1,No_PrEP,large,large
743,226,1,No_PrEP,large,large
744,409,1,No_PrEP,large,large
745,2109,1,No_PrEP,large,large
746,336,1,No_PrEP,large,large
747,109,7,PrEP,large,large
748,1462,2,No_PrEP,large,large
749,2555,1,No_PrEP,large,large
750,206,6,PrEP,large,large
751,526,1,No_PrEP,large,large
752,933,6,PrEP,large,large
753,1149,6,PrEP,large,large
754,1616,6,PrEP,large,large
755,2066,3,No_PrEP,large,large
756,1988,2,PrEP,large,large
757,25,2,No_PrEP,large,large
758,2093,3,No_PrEP,large,large
759,1310,7,No_PrEP,large,large
760,2616,4,PrEP,large,large
761,2478,1,No_PrEP,large,large
762,1365,2,No_PrEP,large,large
763,179,2,No_PrEP,large,large
764,509,1,No_PrEP,large,large
765,104,1,No_PrEP,large,large
766,2265,1,No_PrEP,large,large
767,626,1,No_PrEP,large,large
768,374,2,No_PrEP,large,large
769,1863,1,No_PrEP,large,large
770,147,12,PrEP,large,large
771,677,3,No_PrEP,large,large
772,1130,6,PrEP,large,large
773,868,3,No_PrEP,large,large
774,1729,8,PrEP,large,large
775,2442,4,PrEP,large,large
776,1546,6,PrEP,large,large
777,773,1,No_PrEP,large,large
778,396,1,No_PrEP,large,large
779,1718,3,No_PrEP,large,large
780,959,2,No_PrEP,large,large
781,428,2,No_PrEP,small,large
782,2041,2,No_PrEP,large,large
783,514,8,PrEP,large,large
784,651,2,No_PrEP,large,large
785,2350,1,No_PrEP,large,large
786,1355,2,No_PrEP,large,large
787,379,12,PrEP,large,large
788,1285,9,PrEP,large,large
789,410,8,PrEP,large,large
790,231,4,No_PrEP,large,large
791,2466,3,No_PrEP,large,large
792,873,1,No_PrEP,large,large
793,2573,1,No_PrEP,large,large
794,521,1,No_PrEP,large,large
795,128,1,No_PrEP,large,large
796,1642,2,No_PrEP,large,large
797,1088,1,No_PrEP,large,large
798,970,8,PrEP,large,large
799,1318,9,PrEP,large,large
800,1959,1,No_PrEP,large,large
801,280,1,No_PrEP,large,large
802,1000,2,No_PrEP,large,large
803,1439,7,PrEP,large,large
804,2098,3,No_PrEP,large,large
805,108,9,PrEP,large,large
806,2226,1,No_PrEP,large,large
807,1152,7,PrEP,large,large
808,1662,1,No_PrEP,large,large
809,1294,1,No_PrEP,large,large
810,1249,13,PrEP,large,large
811,1757,9,PrEP,large,large
812,1186,2,No_PrEP,large,large
813,490,9,PrEP,large,large
814,117,1,No_PrEP,large,large
815,1392,9,PrEP,large,large
816,643,1,No_PrEP,large,large
817,2547,1,No_PrEP,small,small
818,788,2,No_PrEP,large,large
819,1978,3,PrEP,large,large
820,2617,2,No_PrEP,large,large
821,1709,1,No_PrEP,large,large
822,343,1,No_PrEP,large,large
823,165,1,No_PrEP,large,large
824,1944,1,No_PrEP,large,large
825,1031,1,No_PrEP,large,large
826,282,1,No_PrEP,large,large
827,90,2,No_PrEP,large,large
828,1261,2,No_PrEP,large,large
829,727,3,No_PrEP,large,large
830,755,14,PrEP,large,large
831,69,2,No_PrEP,large,large
832,1011,3,No_PrEP,large,large
833,160,17,PrEP,large,large
834,979,5,No_PrEP,large,large
835,618,7,PrEP,large,large
836,76,9,PrEP,large,large
837,395,2,No_PrEP,large,large
838,1348,7,PrEP,large,large
839,293,9,PrEP,large,large
840,566,4,No_PrEP,large,large
841,927,10,PrEP,large,large
842,1007,5,No_PrEP,large,large
843,122,8,PrEP,large,large
844,1423,10,PrEP,large,large
845,965,2,No_PrEP,large,large
846,1406,1,No_PrEP,large,large
847,2559,2,No_PrEP,large,large
848,371,1,No_PrEP,large,large
849,301,2,No_PrEP,large,large
850,2604,6,PrEP,large,large
851,361,3,No_PrEP,large,large
852,208,2,No_PrEP,large,large
853,779,3,No_PrEP,large,large
854,676,10,PrEP,large,large
855,1989,1,No_PrEP,large,large
856,337,2,No_PrEP,large,large
857,2499,1,No_PrEP,large,large
858,1459,1,No_PrEP,large,large
859,1834,9,PrEP,large,large
860,658,3,No_PrEP,large,large
861,606,9,PrEP,large,large
862,1295,1,No_PrEP,large,large
863,250,1,No_PrEP,large,large
864,16,5,PrEP,large,large
865,4,4,No_PrEP,large,large
866,296,2,No_PrEP,large,large
867,1129,2,No_PrEP,large,large
868,499,3,No_PrEP,large,large
869,2474,3,No_PrEP,large,large
870,886,1,No_PrEP,large,large
871,941,1,No_PrEP,large,large
872,219,4,No_PrEP,large,large
873,1514,1,No_PrEP,large,large
874,176,8,PrEP,large,large
875,2475,3,PrEP,large,large
876,839,2,No_PrEP,large,large
877,196,1,No_PrEP,large,large
878,1065,6,PrEP,large,large
879,1230,1,No_PrEP,large,large
880,187,2,No_PrEP,large,large
881,990,2,No_PrEP,large,large
882,2389,1,No_PrEP,large,large
883,168,5,PrEP,large,large
884,631,1,No_PrEP,large,large
885,1572,8,PrEP,large,large
886,2202,5,PrEP,large,large
887,430,2,No_PrEP,large,large
888,1210,7,PrEP,large,large
889,346,12,PrEP,large,large
890,100,11,PrEP,large,large
891,1194,8,PrEP,large,large
892,468,3,No_PrEP,large,large
893,319,2,No_PrEP,large,large
894,573,1,No_PrEP,large,large
895,1847,2,No_PrEP,large,large
896,947,1,No_PrEP,large,large
897,484,2,No_PrEP,large,large
898,1576,2,No_PrEP,large,large
899,1842,7,PrEP,large,large
900,1560,4,PrEP,large,large
901,906,1,No_PrEP,large,large
902,312,1,No_PrEP,large,large
903,1368,1,No_PrEP,large,large
904,781,2,No_PrEP,large,large
905,212,4,PrEP,large,large
906,1002,2,No_PrEP,large,large
907,693,1,No_PrEP,large,large
908,558,9,PrEP,large,large
909,1333,6,PrEP,large,large
910,332,4,PrEP,large,large
911,1361,12,PrEP,large,large
912,1463,9,PrEP,large,large
913,732,9,PrEP,large,large
914,964,2,No_PrEP,large,large
915,1568,2,No_PrEP,large,large
916,1168,4,No_PrEP,large,large
917,2610,2,No_PrEP,large,large
918,217,1,No_PrEP,large,large
919,1877,9,PrEP,large,large
920,896,8,PrEP,large,large
921,2250,1,No_PrEP,large,large
922,1968,5,PrEP,large,large
923,375,8,PrEP,large,large
924,1631,1,No_PrEP,large,large
925,2056,10,PrEP,large,large
926,812,1,No_PrEP,large,large
927,2064,3,No_PrEP,large,large
928,140,4,No_PrEP,large,large
929,827,8,PrEP,large,large
930,1317,3,PrEP,large,large
931,438,3,No_PrEP,large,large
932,2067,2,No_PrEP,large,large
933,469,5,PrEP,large,large
934,539,4,No_PrEP,large,large
935,922,4,No_PrEP,large,large
936,2425,2,No_PrEP,large,large
937,1413,1,No_PrEP,large,large
938,83,2,No_PrEP,large,large
939,919,1,No_PrEP,large,large
940,1679,1,No_PrEP,large,large
941,2326,1,No_PrEP,small,small
942,141,4,No_PrEP,large,large
943,851,3,No_PrEP,large,large
944,1259,8,PrEP,large,large
945,3,1,No_PrEP,large,large
946,216,2,No_PrEP,large,large
947,1661,4,PrEP,large,large
948,106,3,No_PrEP,large,large
949,1079,1,No_PrEP,large,large
950,562,1,No_PrEP,large,large
951,1960,2,No_PrEP,large,large
952,824,1,No_PrEP,large,large
953,661,8,PrEP,large,large
954,791,1,No_PrEP,large,large
955,1848,1,No_PrEP,large,large
956,1030,14,PrEP,large,large
957,2215,1,No_PrEP,large,large
958,207,1,No_PrEP,large,large
959,546,2,No_PrEP,large,large
960,1335,1,No_PrEP,large,large
961,1173,3,No_PrEP,large,large
962,1022,3,No_PrEP,large,large
963,387,1,No_PrEP,large,large
964,93,2,No_PrEP,large,large
965,170,13,PrEP,large,large
966,2907,2,No_PrEP,large,large
967,1739,1,No_PrEP,large,large
968,867,7,No_PrEP,large,large
969,2354,2,No_PrEP,large,large
970,294,6,PrEP,large,large
971,712,2,No_PrEP,large,large
972,1220,3,No_PrEP,large,large
973,1991,8,PrEP,large,large
974,1192,17,PrEP,large,large
975,838,2,No_PrEP,large,large
976,2188,5,PrEP,large,large
977,1750,9,PrEP,large,large
978,1240,1,No_PrEP,large,large
979,1278,2,No_PrEP,large,large
980,358,1,No_PrEP,large,large
981,2167,2,No_PrEP,small,small
982,126,1,No_PrEP,large,large
983,2043,1,No_PrEP,large,large
984,1726,1,No_PrEP,large,large
985,1086,1,No_PrEP,large,large
986,1068,4,No_PrEP,large,large
987,1985,1,No_PrEP,large,large
988,624,5,PrEP,large,large
989,520,2,No_PrEP,large,large
990,2005,4,No_PrEP,large,large
991,1495,5,PrEP,large,large
992,2672,1,No_PrEP,large,large
993,604,9,PrEP,large,large
994,1957,2,No_PrEP,large,large
995,1203,1,No_PrEP,large,large
996,895,1,No_PrEP,large,large
997,1526,1,No_PrEP,large,large
998,607,5,PrEP,large,large
999,1082,3,No_PrEP,large,large
1000,154,1,No_PrEP,large,large
1001,2644,2,No_PrEP,large,large
1002,860,6,PrEP,large,large
1003,1884,3,PrEP,large,large
1004,478,1,No_PrEP,large,large
1005,1350,2,No_PrEP,large,large
1006,862,3,PrEP,large,large
1007,847,7,PrEP,large,large
1008,1779,1,No_PrEP,large,large
1009,2219,4,No_PrEP,large,large
1010,2828,1,No_PrEP,small,small
1011,1956,2,No_PrEP,large,large
1012,1997,1,No_PrEP,large,large
1013,402,9,PrEP,large,large
1014,1476,2,No_PrEP,large,large
1015,1517,1,No_PrEP,large,large
1016,1821,2,No_PrEP,large,large
1017,1062,2,No_PrEP,large,large
1018,1622,1,No_PrEP,large,large
1019,486,1,No_PrEP,large,large
1020,1851,1,No_PrEP,large,large
1021,680,1,No_PrEP,large,large
1022,1839,2,No_PrEP,large,large
1023,1497,3,No_PrEP,large,large
1024,1693,1,No_PrEP,large,large
1025,1986,2,No_PrEP,large,large
1026,1366,3,No_PrEP,large,large
1027,1975,4,PrEP,large,large
1028,900,1,No_PrEP,large,large
1029,1268,2,No_PrEP,large,large
1030,243,13,PrEP,large,large
1031,1751,5,PrEP,large,large
1032,477,4,No_PrEP,large,large
1033,997,1,No_PrEP,large,large
1034,2256,7,PrEP,large,large
1035,2571,5,No_PrEP,large,large
1036,1543,1,No_PrEP,large,large
1037,888,3,No_PrEP,large,large
1038,1204,5,PrEP,large,large
1039,1917,1,No_PrEP,large,large
1040,2820,2,No_PrEP,large,large
1041,1886,5,PrEP,large,large
1042,75,2,No_PrEP,large,large
1043,1095,2,No_PrEP,large,large
1044,317,1,No_PrEP,large,large
1045,1638,1,No_PrEP,small,small
1046,786,1,No_PrEP,large,large
1047,2121,6,PrEP,large,large
1048,1678,1,No_PrEP,large,large
1049,184,2,No_PrEP,large,large
1050,639,2,No_PrEP,large,large
1051,1080,1,No_PrEP,large,large
1052,2490,1,No_PrEP,large,large
1053,528,2,No_PrEP,large,large
1054,1620,4,No_PrEP,large,large
1055,2198,9,PrEP,large,large
1056,2133,2,No_PrEP,large,large
1057,1977,2,No_PrEP,large,large
1058,306,1,No_PrEP,large,large
1059,53,4,No_PrEP,large,large
1060,2327,4,PrEP,small,large
1061,1059,1,No_PrEP,large,large
1062,456,3,No_PrEP,large,large
1063,467,1,No_PrEP,large,large
1064,1995,2,No_PrEP,large,large
1065,560,1,No_PrEP,large,large
1066,980,1,No_PrEP,large,large
1067,1971,1,No_PrEP,large,large
1068,143,10,PrEP,large,large
1069,405,6,PrEP,large,large
1070,2346,8,PrEP,large,large
1071,1885,6,PrEP,large,large
1072,321,2,No_PrEP,large,large
1073,2364,1,No_PrEP,large,large
1074,719,3,No_PrEP,large,large
1075,1774,1,No_PrEP,large,large
1076,2810,1,No_PrEP,large,large
1077,2053,4,PrEP,large,large
1078,596,1,No_PrEP,large,large
1079,1552,4,PrEP,large,large
1080,737,9,PrEP,large,large
1081,2444,1,No_PrEP,large,large
1082,1233,12,PrEP,large,large
1083,1805,3,No_PrEP,large,large
1084,856,2,No_PrEP,large,large
1085,830,5,No_PrEP,large,large
1086,1933,1,No_PrEP,large,large
1087,1490,1,No_PrEP,large,large
1088,1722,1,No_PrEP,large,large
1089,646,3,No_PrEP,large,large
1090,1075,4,No_PrEP,large,large
1091,485,9,PrEP,large,large
1092,1701,4,PrEP,large,large
1093,2143,3,PrEP,small,large
1094,1948,8,PrEP,large,large
1095,2473,4,PrEP,large,large
1096,2566,1,No_PrEP,large,large
1097,1017,2,No_PrEP,large,large
1098,517,1,No_PrEP,large,large
1099,804,2,No_PrEP,large,large
1100,982,7,PrEP,large,large
1101,1342,5,PrEP,large,large
1102,494,4,No_PrEP,large,large
1103,77,10,PrEP,large,large
1104,610,8,PrEP,large,large
1105,194,8,PrEP,large,large
1106,2700,2,No_PrEP,small,small
1107,1151,7,PrEP,large,large
1108,2955,3,No_PrEP,small,small
1109,826,6,No_PrEP,large,large
1110,1832,7,PrEP,large,large
1111,1955,2,No_PrEP,large,large
1112,1066,2,No_PrEP,large,large
1113,1792,3,No_PrEP,large,large
1114,647,1,No_PrEP,large,large
1115,983,1,No_PrEP,large,large
1116,251,1,No_PrEP,large,large
1117,863,7,PrEP,large,large
1118,2448,1,No_PrEP,large,large
1119,1117,3,PrEP,large,large
1120,2560,1,No_PrEP,large,large
1121,1202,1,No_PrEP,large,large
1122,1800,1,No_PrEP,large,large
1123,1683,5,No_PrEP,large,large
1124,2034,5,PrEP,large,large
1125,1179,6,PrEP,large,large
1126,2433,3,No_PrEP,large,large
1127,2754,3,No_PrEP,large,large
1128,877,1,No_PrEP,large,large
1129,1025,3,No_PrEP,large,large
1130,261,3,No_PrEP,large,large
1131,2062,3,No_PrEP,large,large
1132,2310,7,PrEP,large,large
1133,2343,3,No_PrEP,large,large
1134,2697,1,No_PrEP,large,large
1135,1769,1,PrEP,small,small
1136,2059,3,PrEP,small,large
1137,315,6,PrEP,large,large
1138,74,1,No_PrEP,large,large
1139,309,7,PrEP,large,large
1140,590,1,No_PrEP,large,large
1141,1006,1,No_PrEP,large,large
1142,1028,7,PrEP,large,large
1143,2708,1,No_PrEP,small,small
1144,1460,1,No_PrEP,large,large
1145,2440,1,No_PrEP,large,large
1146,1924,4,No_PrEP,large,large
1147,295,7,PrEP,large,large
1148,670,4,PrEP,small,large
1149,28,2,No_PrEP,large,large
1150,1140,7,PrEP,large,large
1151,496,1,No_PrEP,large,large
1152,2286,1,No_PrEP,large,large
1153,2044,1,No_PrEP,large,large
1154,2567,2,No_PrEP,large,large
1155,1775,1,No_PrEP,large,large
1156,2679,2,No_PrEP,large,large
1157,1008,2,No_PrEP,large,large
1158,2680,1,No_PrEP,large,large
1159,2145,2,No_PrEP,large,large
1160,204,1,No_PrEP,large,large
1161,2291,3,No_PrEP,large,large
1162,706,2,No_PrEP,large,large
1163,747,8,PrEP,large,large
1164,101,1,No_PrEP,large,large
1165,2406,1,No_PrEP,large,large
1166,1596,2,No_PrEP,large,large
1167,382,1,No_PrEP,large,large
1168,575,3,No_PrEP,large,large
1169,2029,8,PrEP,large,large
1170,811,1,PrEP,large,large
1171,12,2,No_PrEP,large,large
1172,1992,2,No_PrEP,large,large
1173,1160,1,No_PrEP,large,large
1174,945,11,PrEP,large,large
1175,1669,1,No_PrEP,large,large
1176,568,1,No_PrEP,large,large
1177,2312,4,PrEP,large,large
1178,1401,2,No_PrEP,large,large
1179,2274,1,No_PrEP,large,large
1180,203,7,PrEP,large,large
1181,1142,4,No_PrEP,large,large
1182,1437,6,PrEP,large,large
1183,1637,2,No_PrEP,large,large
1184,1461,1,No_PrEP,large,large
1185,32,1,No_PrEP,large,large
1186,1804,10,PrEP,large,large
1187,2695,3,No_PrEP,large,large
1188,1150,1,No_PrEP,large,large
1189,173,1,No_PrEP,large,large
1190,1614,11,PrEP,large,large
1191,642,9,PrEP,large,large
1192,1010,1,No_PrEP,large,large
1193,1898,3,No_PrEP,large,large
1194,674,1,No_PrEP,large,large
1195,113,2,No_PrEP,large,large
1196,350,8,PrEP,large,large
1197,2090,10,PrEP,large,large
1198,1216,1,No_PrEP,large,large
1199,1279,2,No_PrEP,large,large
1200,715,3,PrEP,large,large
1201,2224,2,No_PrEP,large,large
1202,2042,1,No_PrEP,large,large
1203,1197,1,No_PrEP,large,large
1204,244,3,No_PrEP,large,large
1205,1532,2,No_PrEP,large,large
1206,2421,1,No_PrEP,large,large
1207,425,3,No_PrEP,large,large
1208,1371,1,No_PrEP,large,large
1209,2025,1,No_PrEP,large,large
1210,967,10,PrEP,large,large
1211,17,1,No_PrEP,large,large
1212,635,1,No_PrEP,large,large
1213,1525,11,PrEP,large,large
1214,1313,1,No_PrEP,large,large
1215,134,10,PrEP,large,large
1216,1599,1,No_PrEP,large,large
1217,1765,1,No_PrEP,small,small
1218,145,6,No_PrEP,large,large
1219,2303,9,PrEP,large,large
1220,1248,1,No_PrEP,large,large
1221,13,1,PrEP,small,large
1222,815,5,No_PrEP,large,large
1223,2156,1,No_PrEP,large,large
1224,193,1,No_PrEP,large,large
1225,1887,2,No_PrEP,large,large
1226,2385,5,PrEP,large,large
1227,1918,1,No_PrEP,large,large
1228,926,1,No_PrEP,large,large
1229,523,1,No_PrEP,large,large
1230,2710,5,No_PrEP,large,large
1231,1768,3,No_PrEP,large,large
1232,266,3,No_PrEP,large,large
1233,613,3,PrEP,large,large
1234,577,5,PrEP,large,large
1235,1901,3,No_PrEP,large,large
1236,225,1,No_PrEP,large,large
1237,1154,1,No_PrEP,large,large
1238,67,1,No_PrEP,large,large
1239,316,2,No_PrEP,large,large
1240,95,5,PrEP,large,large
1241,2340,1,No_PrEP,small,small
1242,504,7,PrEP,large,large
1243,1916,2,No_PrEP,large,large
1244,460,1,No_PrEP,large,large
1245,2030,4,No_PrEP,large,large
1246,536,2,No_PrEP,large,large
1247,2045,2,No_PrEP,large,large
1248,2020,1,No_PrEP,large,large
1249,1880,4,PrEP,large,large
1250,2409,2,No_PrEP,large,large
1251,1891,4,No_PrEP,large,large
1252,1058,1,No_PrEP,large,large
1253,814,11,PrEP,large,large
1254,272,8,PrEP,large,large
1255,1811,1,No_PrEP,large,large
1256,1440,2,No_PrEP,large,large
1257,211,1,No_PrEP,large,large
1258,1050,1,No_PrEP,large,large
1259,1502,2,No_PrEP,small,small
1260,448,2,No_PrEP,large,large
1261,2055,9,PrEP,large,large
1262,1326,1,No_PrEP,large,large
1263,2049,1,No_PrEP,large,large
1264,436,7,PrEP,large,large
1265,1299,1,No_PrEP,large,large
1266,1395,11,PrEP,large,large
1267,60,1,No_PrEP,large,large
1268,821,7,PrEP,large,large
1269,1528,3,PrEP,large,large
1270,617,2,No_PrEP,large,large
1271,463,3,No_PrEP,large,large
1272,2537,2,No_PrEP,large,large
1273,26,1,No_PrEP,large,large
1274,110,3,No_PrEP,large,large
1275,902,2,No_PrEP,large,large
1276,1360,2,No_PrEP,large,large
1277,1828,6,No_PrEP,large,large
1278,2483,4,PrEP,small,large
1279,1973,1,No_PrEP,large,large
1280,2599,1,No_PrEP,large,large
1281,931,2,No_PrEP,large,large
1282,2512,1,No_PrEP,small,small
1283,434,3,No_PrEP,large,large
1284,2516,2,PrEP,large,large
1285,2723,3,No_PrEP,large,large
1286,389,1,No_PrEP,large,large
1287,1857,7,PrEP,large,large
1288,329,2,No_PrEP,large,large
1289,84,1,No_PrEP,large,large
1290,215,2,No_PrEP,large,large
1291,1123,11,PrEP,large,large
1292,1906,1,No_PrEP,large,large
1293,1931,1,No_PrEP,large,large
1294,1245,1,No_PrEP,large,large
1295,1665,5,PrEP,large,large
1296,1663,7,PrEP,large,large
1297,2508,1,No_PrEP,large,large
1298,2554,1,No_PrEP,large,large
1299,1484,10,PrEP,large,large
1300,2598,5,PrEP,small,large
1301,1648,3,No_PrEP,large,large
1302,901,7,PrEP,large,large
1303,557,1,No_PrEP,large,large
1304,809,2,PrEP,large,large
1305,2663,3,No_PrEP,large,large
1306,1232,6,PrEP,large,large
1307,2550,2,No_PrEP,large,large
1308,793,1,No_PrEP,large,large
1309,1862,10,PrEP,large,large
1310,2575,1,No_PrEP,large,large
1311,707,1,No_PrEP,large,large
1312,567,2,PrEP,small,large
1313,1537,1,No_PrEP,large,large
1314,1591,3,No_PrEP,large,large
1315,2544,2,No_PrEP,large,large
1316,1936,1,No_PrEP,large,large
1317,2199,3,No_PrEP,large,large
1318,1613,6,PrEP,small,large
1319,1343,1,No_PrEP,large,large
1320,1602,6,PrEP,large,large
1321,2471,3,No_PrEP,large,large
1322,2102,2,No_PrEP,large,large
1323,2216,2,No_PrEP,large,large
1324,1071,3,No_PrEP,large,large
1325,2892,1,No_PrEP,small,small
1326,2227,1,No_PrEP,large,large
1327,960,1,No_PrEP,large,large
1328,2467,6,PrEP,large,large
1329,1835,1,No_PrEP,large,large
1330,806,2,No_PrEP,large,large
1331,1972,1,No_PrEP,large,large
1332,831,2,No_PrEP,large,large
1333,1820,3,No_PrEP,large,large
1334,1389,4,No_PrEP,large,large
1335,2520,1,No_PrEP,large,large
1336,2533,1,No_PrEP,small,small
1337,1246,2,No_PrEP,large,large
1338,1426,8,PrEP,large,large
1339,1545,1,No_PrEP,large,large
1340,2105,8,PrEP,large,large
1341,1736,3,No_PrEP,large,large
1342,1927,2,No_PrEP,large,large
1343,1309,8,PrEP,large,large
1344,1436,1,No_PrEP,large,large
1345,1454,1,No_PrEP,large,large
1346,940,15,PrEP,large,large
1347,2636,2,No_PrEP,large,large
1348,1101,2,No_PrEP,large,large
1349,1609,1,No_PrEP,large,large
1350,746,1,No_PrEP,large,large
1351,2689,1,No_PrEP,large,large
1352,1941,1,No_PrEP,large,large
1353,2258,2,No_PrEP,large,large
1354,1205,6,PrEP,large,large
1355,1138,7,PrEP,large,large
1356,1019,9,PrEP,large,large
1357,61,1,No_PrEP,large,large
1358,324,1,No_PrEP,large,large
1359,972,3,PrEP,large,large
1360,1167,6,PrEP,large,large
1361,2556,1,No_PrEP,small,small
1362,320,1,No_PrEP,large,large
1363,1920,2,PrEP,small,large
1364,2024,4,No_PrEP,large,large
1365,1319,3,No_PrEP,large,large
1366,1903,1,No_PrEP,large,large
1367,1051,8,PrEP,large,large
1368,2335,2,No_PrEP,large,large
1369,481,3,No_PrEP,small,small
1370,1554,1,No_PrEP,large,large
1371,1899,1,No_PrEP,large,large
1372,817,3,No_PrEP,large,large
1373,341,13,PrEP,large,large
1374,1621,4,PrEP,large,large
1375,1717,1,No_PrEP,large,large
1376,1009,9,PrEP,large,large
1377,682,1,No_PrEP,large,large
1378,363,1,No_PrEP,large,large
1379,2895,2,No_PrEP,small,small
1380,2019,1,No_PrEP,large,large
1381,492,2,No_PrEP,large,large
1382,1527,1,No_PrEP,large,large
1383,654,9,PrEP,large,large
1384,2505,2,No_PrEP,small,small
1385,1133,8,PrEP,large,large
1386,1385,1,PrEP,small,large
1387,2358,1,No_PrEP,large,large
1388,1534,1,No_PrEP,large,large
1389,694,1,No_PrEP,large,large
1390,1777,3,No_PrEP,large,large
1391,993,7,No_PrEP,large,large
1392,1953,3,PrEP,large,large
1393,741,3,No_PrEP,large,large
1394,1826,1,No_PrEP,large,large
1395,978,2,No_PrEP,large,large
1396,1143,1,No_PrEP,large,large
1397,611,7,PrEP,large,large
1398,1157,12,PrEP,large,large
1399,1231,7,PrEP,large,large
1400,1405,1,No_PrEP,large,large
1401,1919,1,No_PrEP,large,large
1402,1493,2,No_PrEP,large,large
1403,1923,2,No_PrEP,large,large
1404,1094,1,No_PrEP,large,large
1405,1874,7,No_PrEP,large,large
1406,2806,1,PrEP,small,small
1407,1564,1,No_PrEP,large,large
1408,1085,4,No_PrEP,large,large
1409,2118,1,No_PrEP,large,large
1410,1280,1,No_PrEP,large,large
1411,961,1,No_PrEP,large,large
1412,1711,8,PrEP,large,large
1413,298,2,No_PrEP,large,large
1414,770,1,No_PrEP,large,large
1415,161,6,PrEP,large,large
1416,852,1,No_PrEP,large,large
1417,2095,2,No_PrEP,large,large
1418,1752,2,No_PrEP,large,large
1419,1387,2,No_PrEP,large,large
1420,1209,3,PrEP,large,large
1421,828,2,No_PrEP,large,large
1422,710,15,PrEP,large,large
1423,372,2,No_PrEP,large,large
1424,1257,2,No_PrEP,large,large
1425,1760,6,PrEP,small,large
1426,171,12,PrEP,large,large
1427,1090,9,PrEP,large,large
1428,476,2,No_PrEP,large,large
1429,209,6,PrEP,large,large
1430,2163,6,PrEP,large,large
1431,881,3,No_PrEP,large,large
1432,1077,3,No_PrEP,large,large
1433,2332,2,No_PrEP,large,large
1434,1425,1,No_PrEP,large,large
1435,2089,2,No_PrEP,large,large
1436,679,1,No_PrEP,large,large
1437,397,1,No_PrEP,large,large
1438,487,2,No_PrEP,large,large
1439,1449,2,PrEP,small,large
1440,287,6,PrEP,large,large
1441,2290,1,No_PrEP,large,large
1442,335,1,No_PrEP,large,large
1443,1888,6,PrEP,large,large
1444,525,3,No_PrEP,large,large
1445,260,3,No_PrEP,large,large
1446,948,1,No_PrEP,large,large
1447,2374,4,No_PrEP,large,large
1448,2131,1,No_PrEP,large,large
1449,202,1,No_PrEP,large,large
1450,2307,7,PrEP,large,large
1451,98,1,No_PrEP,large,large
1452,130,3,No_PrEP,large,large
1453,923,5,PrEP,small,large
1454,726,5,No_PrEP,large,large
1455,904,2,No_PrEP,large,large
1456,2682,1,No_PrEP,large,large
1457,837,1,No_PrEP,large,large
1458,2225,2,No_PrEP,large,large
1459,832,2,No_PrEP,large,large
1460,1383,2,No_PrEP,large,large
1461,664,4,No_PrEP,large,large
1462,2407,1,No_PrEP,large,large
1463,1004,6,PrEP,large,large
1464,55,2,No_PrEP,large,large
1465,798,4,No_PrEP,large,large
1466,276,5,No_PrEP,large,large
1467,1825,1,No_PrEP,large,large
1468,799,1,No_PrEP,large,large
1469,1124,1,No_PrEP,large,large
1470,785,3,No_PrEP,large,large
1471,440,2,No_PrEP,large,large
1472,859,1,No_PrEP,large,large
1473,275,3,No_PrEP,large,large
1474,2223,2,No_PrEP,large,large
1475,139,2,No_PrEP,large,large
1476,72,17,PrEP,large,large
1477,787,6,PrEP,large,large
1478,1984,5,PrEP,large,large
1479,1135,2,No_PrEP,large,large
1480,1695,8,PrEP,large,large
1481,2239,3,PrEP,large,large
1482,1421,6,PrEP,large,large
1483,1327,1,No_PrEP,large,large
1484,40,8,PrEP,large,large
1485,1647,1,No_PrEP,large,large
1486,2195,3,PrEP,large,large
1487,2645,3,No_PrEP,large,large
1488,2039,2,No_PrEP,large,large
1489,1600,2,No_PrEP,small,large
1490,2360,1,No_PrEP,small,small
1491,675,2,No_PrEP,large,large
1492,2397,1,No_PrEP,large,large
1493,155,1,No_PrEP,large,large
1494,1578,2,No_PrEP,large,large
1495,743,2,PrEP,small,large
1496,304,1,No_PrEP,large,large
1497,2122,4,PrEP,large,large
1498,2428,1,No_PrEP,large,large
1499,253,1,PrEP,small,large
1500,1615,2,No_PrEP,large,large
1501,1893,1,No_PrEP,large,large
1502,1563,6,PrEP,large,large
1503,2664,8,PrEP,large,large
1504,2154,1,No_PrEP,large,large
1505,563,1,No_PrEP,large,large
1506,2380,1,No_PrEP,large,large
1507,136,2,No_PrEP,large,large
1508,1671,3,No_PrEP,large,large
1509,555,2,PrEP,large,large
1510,1338,1,No_PrEP,large,large
1511,666,1,No_PrEP,large,large
1512,1253,1,No_PrEP,large,large
1513,8,9,PrEP,large,large
1514,2128,2,PrEP,large,large
1515,2006,2,No_PrEP,large,large
1516,659,6,PrEP,large,large
1517,553,3,PrEP,large,large
1518,1509,2,No_PrEP,large,large
1519,1043,3,No_PrEP,large,large
1520,2,10,PrEP,large,large
1521,1443,1,No_PrEP,large,large
1522,1761,1,No_PrEP,large,large
1523,1185,1,No_PrEP,large,large
1524,1741,1,No_PrEP,large,large
1525,1092,2,No_PrEP,large,large
1526,214,2,No_PrEP,large,large
1527,1306,1,No_PrEP,large,large
1528,1475,1,No_PrEP,large,large
1529,608,4,No_PrEP,large,large
1530,2087,4,No_PrEP,large,large
1531,870,7,PrEP,large,large
1532,1288,1,No_PrEP,large,large
1533,1016,3,No_PrEP,large,large
1534,1093,12,PrEP,large,large
1535,288,5,PrEP,large,large
1536,328,2,No_PrEP,large,large
1537,96,3,No_PrEP,large,large
1538,2493,2,No_PrEP,large,large
1539,1809,1,No_PrEP,large,large
1540,452,1,No_PrEP,small,small
1541,1601,5,PrEP,large,large
1542,6,10,PrEP,large,large
1543,1400,8,PrEP,large,large
1544,766,2,No_PrEP,large,large
1545,578,2,No_PrEP,large,large
1546,662,8,PrEP,large,large
1547,2504,5,No_PrEP,large,large
1548,1485,5,PrEP,large,large
1549,2527,2,No_PrEP,large,large
1550,987,2,No_PrEP,large,large
1551,70,3,No_PrEP,large,large
1552,1048,2,No_PrEP,large,large
1553,58,1,No_PrEP,large,large
1554,1697,1,No_PrEP,large,large
1555,2362,3,PrEP,large,large
1556,605,1,No_PrEP,large,large
1557,1795,1,No_PrEP,large,large
1558,2084,3,No_PrEP,large,large
1559,2357,3,PrEP,small,large
1560,2688,3,PrEP,small,large
1561,2879,1,No_PrEP,large,large
1562,2115,1,No_PrEP,large,large
1563,2388,2,No_PrEP,large,large
1564,2356,1,No_PrEP,large,large
1565,2075,4,PrEP,large,large
1566,424,1,No_PrEP,large,large
1567,1675,5,PrEP,large,large
1568,561,1,No_PrEP,large,large
1569,1558,1,No_PrEP,large,large
1570,1376,2,No_PrEP,large,large
1571,2413,1,No_PrEP,large,large
1572,278,7,PrEP,large,large
1573,1641,1,No_PrEP,large,large
1574,91,1,No_PrEP,large,large
1575,955,3,No_PrEP,large,large
1576,2914,3,No_PrEP,small,small
1577,872,5,PrEP,large,large
1578,1871,2,No_PrEP,large,large
1579,119,1,No_PrEP,large,large
1580,1962,3,No_PrEP,large,large
1581,2073,1,No_PrEP,large,large
1582,7,2,No_PrEP,large,large
1583,1728,1,No_PrEP,large,large
1584,62,1,No_PrEP,large,large
1585,586,6,PrEP,large,large
1586,1570,11,PrEP,large,large
1587,869,1,No_PrEP,large,large
1588,14,1,No_PrEP,small,small
1589,265,4,PrEP,large,large
1590,1625,4,PrEP,large,large
1591,1635,1,No_PrEP,small,small
1592,1438,3,No_PrEP,large,large
1593,1345,2,No_PrEP,large,large
1594,331,1,No_PrEP,large,large
1595,2435,1,No_PrEP,large,large
1596,2773,2,No_PrEP,large,large
1597,1740,1,No_PrEP,large,large
1598,880,5,PrEP,large,large
1599,333,1,No_PrEP,small,small
1600,2221,1,No_PrEP,large,large
1601,2298,1,No_PrEP,large,large
1602,2141,3,No_PrEP,large,large
1603,1700,1,No_PrEP,large,large
1604,763,2,No_PrEP,large,large
1605,2619,3,PrEP,small,large
1606,866,3,No_PrEP,large,large
1607,1183,4,PrEP,large,large
1608,2716,5,No_PrEP,large,large
1609,2229,3,No_PrEP,large,large
1610,1676,1,No_PrEP,large,large
1611,1922,8,PrEP,large,large
1612,1753,1,No_PrEP,large,large
1613,1720,8,PrEP,large,large
1614,270,2,No_PrEP,large,large
1615,2091,1,No_PrEP,large,large
1616,2185,1,No_PrEP,large,large
1617,2035,2,No_PrEP,large,large
1618,1155,7,PrEP,large,large
1619,1598,6,PrEP,large,large
1620,1890,5,PrEP,large,large
1621,1320,3,No_PrEP,large,large
1622,2054,1,No_PrEP,large,large
1623,2251,1,No_PrEP,large,large
1624,1178,7,PrEP,large,large
1625,2432,1,No_PrEP,large,large
1626,1037,2,No_PrEP,large,large
1627,1937,1,No_PrEP,large,large
1628,2231,1,No_PrEP,large,large
1629,2593,7,PrEP,large,large
1630,50,8,PrEP,large,large
1631,1161,5,PrEP,large,large
1632,326,1,No_PrEP,large,large
1633,695,8,PrEP,large,large
1634,1950,8,PrEP,large,large
1635,2770,2,No_PrEP,large,large
1636,587,1,No_PrEP,large,large
1637,724,1,No_PrEP,large,large
1638,39,4,PrEP,large,large
1639,2865,1,PrEP,small,small
1640,2749,2,No_PrEP,large,large
1641,334,6,PrEP,large,large
1642,1822,2,No_PrEP,large,large
1643,2222,7,PrEP,large,large
1644,2238,2,No_PrEP,large,large
1645,2323,2,No_PrEP,large,large
1646,2211,1,No_PrEP,large,large
1647,2074,2,No_PrEP,large,large
1648,1573,1,No_PrEP,large,large
1649,2897,3,PrEP,small,small
1650,2206,1,No_PrEP,large,large
1651,1290,1,No_PrEP,large,large
1652,235,2,No_PrEP,large,large
1653,622,1,No_PrEP,large,large
1654,1084,4,No_PrEP,large,large
1655,989,5,PrEP,large,large
1656,1384,5,PrEP,large,large
1657,2094,6,PrEP,small,large
1658,2181,2,No_PrEP,large,large
1659,432,2,No_PrEP,large,large
1660,1441,1,No_PrEP,large,large
1661,2426,3,No_PrEP,large,large
1662,125,8,PrEP,large,large
1663,2392,1,No_PrEP,small,small
1664,2441,1,No_PrEP,large,large
1665,1238,3,No_PrEP,large,large
1666,1829,2,No_PrEP,large,large
1667,1064,1,No_PrEP,large,large
1668,2881,1,No_PrEP,small,small
1669,138,1,No_PrEP,large,large
1670,112,2,PrEP,small,large
1671,1174,1,No_PrEP,large,large
1672,672,5,PrEP,large,large
1673,556,3,No_PrEP,large,large
1674,1416,4,No_PrEP,large,large
1675,1393,1,No_PrEP,large,large
1676,518,1,No_PrEP,large,large
1677,1394,2,No_PrEP,large,large
1678,2552,1,No_PrEP,large,large
1679,889,4,No_PrEP,large,large
1680,2220,1,No_PrEP,large,large
1681,1479,1,No_PrEP,large,large
1682,591,3,PrEP,large,large
1683,1949,2,No_PrEP,large,large
1684,344,4,PrEP,large,large
1685,2249,5,PrEP,large,large
1686,559,8,PrEP,large,large
1687,180,2,No_PrEP,large,large
1688,2699,1,No_PrEP,small,small
1689,1785,1,No_PrEP,large,large
1690,229,6,PrEP,large,large
1691,655,1,No_PrEP,large,large
1692,2758,1,No_PrEP,large,large
1693,1624,2,No_PrEP,large,large
1694,1515,1,No_PrEP,large,large
1695,2119,4,PrEP,large,large
1696,1222,1,No_PrEP,large,large
1697,1643,2,No_PrEP,large,large
1698,1666,2,No_PrEP,large,large
1699,687,3,No_PrEP,large,large
1700,391,5,PrEP,large,large
1701,1704,10,PrEP,large,large
1702,1036,2,No_PrEP,large,large
1703,1604,11,PrEP,large,large
1704,738,1,No_PrEP,large,large
1705,174,2,No_PrEP,large,large
1706,182,7,PrEP,large,large
1707,1146,1,No_PrEP,large,large
1708,489,2,No_PrEP,large,large
1709,262,1,No_PrEP,large,large
1710,1530,2,No_PrEP,large,large
1711,2551,1,PrEP,small,small
1712,2028,1,No_PrEP,large,large
1713,2949,1,No_PrEP,large,large
1714,441,6,PrEP,large,large
1715,2173,3,PrEP,large,large
1716,1114,3,No_PrEP,large,large
1717,1398,7,PrEP,large,large
1718,944,5,PrEP,large,large
1719,2192,1,No_PrEP,large,large
1720,1667,3,PrEP,large,large
1721,1580,2,No_PrEP,large,large
1722,1673,3,PrEP,small,large
1723,1742,1,No_PrEP,large,large
1724,957,2,No_PrEP,large,large
1725,1381,1,No_PrEP,large,large
1726,2330,3,No_PrEP,large,large
1727,2519,2,No_PrEP,large,large
1728,2925,2,No_PrEP,large,large
1729,510,1,No_PrEP,large,large
1730,717,4,PrEP,large,large
1731,2187,5,PrEP,large,large
1732,2316,2,No_PrEP,large,large
1733,1271,1,No_PrEP,large,large
1734,2262,2,No_PrEP,large,large
1735,1047,7,PrEP,large,large
1736,2276,1,No_PrEP,small,small
1737,2050,2,No_PrEP,large,large
1738,2543,2,No_PrEP,large,large
1739,640,2,No_PrEP,large,large
1740,57,2,No_PrEP,large,large
1741,1776,1,No_PrEP,large,large
1742,2281,1,No_PrEP,large,large
1743,224,1,No_PrEP,large,large
1744,2233,2,No_PrEP,large,large
1745,1555,1,No_PrEP,large,large
1746,777,5,PrEP,large,large
1747,1445,4,No_PrEP,large,large
1748,585,2,No_PrEP,large,large
1749,614,2,No_PrEP,large,large
1750,479,1,No_PrEP,large,large
1751,2463,1,No_PrEP,small,small
1752,269,1,No_PrEP,large,large
1753,2625,3,No_PrEP,large,large
1754,2461,1,No_PrEP,large,large
1755,1083,6,PrEP,large,large
1756,1974,2,No_PrEP,small,small
1757,87,2,No_PrEP,large,large
1758,2132,1,No_PrEP,large,large
1759,1243,1,No_PrEP,large,large
1760,876,2,No_PrEP,large,large
1761,825,3,No_PrEP,large,large
1762,1904,1,No_PrEP,large,large
1763,370,2,No_PrEP,large,large
1764,407,1,No_PrEP,large,large
1765,1429,1,No_PrEP,large,large
1766,2377,1,No_PrEP,small,small
1767,938,4,PrEP,large,large
1768,1482,4,No_PrEP,large,large
1769,63,1,No_PrEP,large,large
1770,2523,1,No_PrEP,large,large
1771,1270,8,PrEP,large,large
1772,796,11,PrEP,large,large
1773,2321,2,No_PrEP,large,large
1774,2186,2,No_PrEP,large,large
1775,2595,3,PrEP,small,large
1776,2528,3,No_PrEP,large,large
1777,1730,6,PrEP,large,large
1778,274,2,No_PrEP,large,large
1779,885,1,No_PrEP,large,large
1780,2530,7,PrEP,large,large
1781,899,2,No_PrEP,large,large
1782,137,5,PrEP,large,large
1783,570,2,No_PrEP,large,large
1784,963,1,PrEP,large,large
1785,2386,1,No_PrEP,large,large
1786,1478,1,No_PrEP,large,large
1787,2279,4,PrEP,large,large
1788,2069,2,No_PrEP,large,large
1789,2525,2,No_PrEP,large,large
1790,1498,1,No_PrEP,large,large
1791,2263,3,No_PrEP,large,large
1792,650,2,No_PrEP,large,large
1793,580,6,PrEP,large,large
1794,1049,2,No_PrEP,large,large
1795,1308,1,No_PrEP,large,large
1796,1256,2,No_PrEP,large,large
1797,912,1,No_PrEP,large,large
1798,2260,1,No_PrEP,large,large
1799,2569,1,No_PrEP,large,large
1800,1380,3,No_PrEP,large,large
1801,1961,1,No_PrEP,large,large
1802,2384,7,PrEP,large,large
1803,836,1,No_PrEP,small,small
1804,1892,1,No_PrEP,large,large
1805,1656,2,No_PrEP,large,large
1806,1905,4,No_PrEP,large,large
1807,1118,1,No_PrEP,large,large
1808,1889,2,No_PrEP,large,large
1809,1391,1,No_PrEP,large,large
1810,519,1,No_PrEP,large,large
1811,696,2,No_PrEP,large,large
1812,731,2,No_PrEP,large,large
1813,1424,1,No_PrEP,large,large
1814,2439,2,No_PrEP,large,large
1815,2479,1,No_PrEP,large,large
1816,2013,3,No_PrEP,large,large
1817,995,1,No_PrEP,large,large
1818,2669,1,No_PrEP,large,large
1819,2623,2,No_PrEP,small,small
1820,803,1,No_PrEP,large,large
1821,1870,2,No_PrEP,large,large
1822,1287,1,No_PrEP,large,large
1823,782,1,No_PrEP,large,large
1824,1096,6,PrEP,large,large
1825,2339,2,PrEP,large,large
1826,2784,1,No_PrEP,small,small
1827,2809,1,No_PrEP,large,large
1828,802,1,No_PrEP,small,small
1829,2297,3,PrEP,small,large
1830,2415,2,No_PrEP,large,large
1831,2487,1,No_PrEP,large,large
1832,303,4,No_PrEP,large,large
1833,2270,1,No_PrEP,large,large
1834,132,3,No_PrEP,large,large
1835,994,1,No_PrEP,large,large
1836,2336,2,No_PrEP,large,large
1837,1876,1,No_PrEP,large,large
1838,797,3,No_PrEP,large,large
1839,2083,3,No_PrEP,large,large
1840,2694,2,No_PrEP,large,large
1841,2341,3,No_PrEP,large,large
1842,2184,1,No_PrEP,large,large
1843,1858,1,No_PrEP,large,large
1844,1682,1,No_PrEP,large,large
1845,547,1,No_PrEP,large,large
1846,1169,10,PrEP,large,large
1847,1538,7,PrEP,large,large
1848,533,5,PrEP,large,large
1849,2367,1,No_PrEP,large,large
1850,690,3,No_PrEP,large,large
1851,1668,1,No_PrEP,large,large
1852,2038,1,No_PrEP,large,large
1853,1034,1,No_PrEP,large,large
1854,2778,2,No_PrEP,large,large
1855,1883,1,No_PrEP,large,large
1856,633,4,PrEP,large,large
1857,1943,2,No_PrEP,large,large
1858,166,3,No_PrEP,large,large
1859,1316,3,No_PrEP,large,large
1860,2048,1,No_PrEP,large,large
1861,493,5,PrEP,large,large
1862,767,2,No_PrEP,large,large
1863,2278,1,No_PrEP,large,large
1864,281,1,No_PrEP,large,large
1865,2212,1,No_PrEP,large,large
1866,1875,3,No_PrEP,large,large
1867,1815,1,No_PrEP,small,small
1868,483,2,No_PrEP,large,large
1869,71,1,No_PrEP,large,large
1870,1303,2,No_PrEP,large,large
1871,1145,1,No_PrEP,large,large
1872,1035,1,No_PrEP,large,large
1873,415,2,No_PrEP,large,large
1874,2150,2,No_PrEP,large,large
1875,2124,3,PrEP,small,small
1876,2633,1,No_PrEP,small,small
1877,1926,4,No_PrEP,large,large
1878,857,6,No_PrEP,large,large
1879,765,2,No_PrEP,large,large
1880,974,2,PrEP,large,large
1881,2144,2,No_PrEP,large,large
1882,2452,3,No_PrEP,large,large
1883,2277,6,PrEP,large,large
1884,1346,2,No_PrEP,large,large
1885,2017,2,No_PrEP,small,small
1886,844,3,No_PrEP,large,large
1887,228,1,No_PrEP,large,large
1888,935,1,No_PrEP,large,large
1889,1873,2,No_PrEP,large,large
1890,2155,3,PrEP,large,large
1891,2462,1,No_PrEP,small,small
1892,2740,1,No_PrEP,large,large
1893,1914,1,No_PrEP,small,small
1894,2174,1,No_PrEP,large,large
1895,2405,1,No_PrEP,large,large
1896,1632,2,No_PrEP,large,large
1897,323,1,No_PrEP,large,large
1898,2408,3,No_PrEP,large,large
1899,1039,2,No_PrEP,large,large
1900,1219,1,No_PrEP,large,large
1901,1213,3,No_PrEP,large,large
1902,1054,3,PrEP,large,large
1903,681,2,No_PrEP,large,large
1904,488,1,No_PrEP,large,large
1905,263,1,No_PrEP,large,large
1906,1349,2,No_PrEP,large,large
1907,377,3,No_PrEP,large,large
1908,2378,2,No_PrEP,large,large
1909,1958,5,PrEP,large,large
1910,1223,2,No_PrEP,large,large
1911,2790,2,No_PrEP,large,large
1912,2927,1,No_PrEP,small,small
1913,1569,7,PrEP,large,large
1914,222,3,PrEP,large,large
1915,1491,1,No_PrEP,large,large
1916,1057,1,No_PrEP,large,large
1917,2422,1,No_PrEP,large,large
1918,1067,1,No_PrEP,large,large
1919,366,1,No_PrEP,large,large
1920,511,1,No_PrEP,large,large
1921,1386,3,No_PrEP,large,large
1922,2101,3,PrEP,small,large
1923,1496,1,No_PrEP,large,large
1924,51,3,PrEP,large,large
1925,1594,4,No_PrEP,large,large
1926,2446,1,No_PrEP,large,large
1927,1535,4,No_PrEP,large,large
1928,692,1,No_PrEP,large,large
1929,150,2,No_PrEP,large,large
1930,529,5,PrEP,large,large
1931,471,2,No_PrEP,large,large
1932,1272,1,No_PrEP,large,large
1933,144,4,No_PrEP,large,large
1934,2696,2,No_PrEP,large,large
1935,46,3,PrEP,large,large
1936,2456,2,No_PrEP,large,large
1937,2151,2,No_PrEP,large,large
1938,292,1,No_PrEP,large,large
1939,823,1,No_PrEP,large,large
1940,917,3,No_PrEP,large,large
1941,550,1,No_PrEP,large,large
1942,2197,1,No_PrEP,large,large
1943,1359,2,No_PrEP,large,large
1944,1511,1,No_PrEP,small,small
1945,64,1,No_PrEP,large,large
1946,668,2,No_PrEP,large,large
1947,1664,4,PrEP,large,large
1948,1184,3,No_PrEP,large,large
1949,2705,4,No_PrEP,large,large
1950,1282,1,No_PrEP,large,large
1951,444,1,No_PrEP,large,large
1952,1218,2,No_PrEP,small,large
1953,2004,4,PrEP,large,large
1954,1100,3,PrEP,large,large
1955,2511,1,No_PrEP,small,small
1956,1630,2,No_PrEP,large,large
1957,1250,2,No_PrEP,large,large
1958,1503,1,No_PrEP,large,large
1959,2016,1,No_PrEP,large,large
1960,2568,1,No_PrEP,large,large
1961,1513,1,No_PrEP,large,large
1962,1470,2,PrEP,small,large
1963,1060,1,No_PrEP,large,large
1964,2171,1,No_PrEP,large,large
1965,2100,1,No_PrEP,large,large
1966,1329,4,PrEP,large,large
1967,513,1,No_PrEP,large,large
1968,2294,2,No_PrEP,large,large
1969,311,1,No_PrEP,large,large
1970,2076,1,No_PrEP,large,large
1971,1699,3,No_PrEP,large,large
1972,771,6,No_PrEP,large,large
1973,2114,2,No_PrEP,large,large
1974,1362,2,No_PrEP,large,large
1975,5,1,No_PrEP,large,large
1976,2218,4,No_PrEP,large,large
1977,283,5,No_PrEP,large,large
1978,2485,3,No_PrEP,large,large
1979,1314,2,PrEP,large,large
1980,756,2,No_PrEP,large,large
1981,1341,3,PrEP,large,large
1982,1724,2,No_PrEP,large,large
1983,268,1,No_PrEP,large,large
1984,1242,1,No_PrEP,large,large
1985,2295,3,PrEP,large,large
1986,1027,2,No_PrEP,large,large
1987,1618,1,No_PrEP,small,small
1988,2246,1,No_PrEP,large,large
1989,356,1,No_PrEP,large,large
1990,2228,5,PrEP,large,large
1991,1404,2,No_PrEP,large,large
1992,2724,1,No_PrEP,large,large
1993,730,1,No_PrEP,large,large
1994,461,1,No_PrEP,large,large
1995,2501,1,No_PrEP,large,large
1996,1967,2,No_PrEP,large,large
1997,2369,1,No_PrEP,large,large
1998,417,3,PrEP,small,large
1999,1861,2,No_PrEP,large,large
2000,1501,2,No_PrEP,large,large
2001,2849,1,No_PrEP,large,large
2002,645,4,PrEP,large,large
2003,879,3,No_PrEP,large,large
2004,1180,2,No_PrEP,large,large
2005,2945,2,No_PrEP,small,small
2006,1708,1,No_PrEP,large,large
2007,2424,2,No_PrEP,large,large
2008,2480,2,No_PrEP,large,large
2009,401,2,No_PrEP,large,large
2010,2342,2,No_PrEP,large,large
2011,1518,5,PrEP,large,large
2012,2398,2,PrEP,small,large
2013,1505,1,No_PrEP,large,large
2014,2640,1,No_PrEP,small,small
2015,1276,1,No_PrEP,large,large
2016,992,2,No_PrEP,large,large
2017,433,3,No_PrEP,large,large
2018,1263,2,No_PrEP,large,large
2019,2002,3,PrEP,small,large
2020,2309,3,PrEP,small,large
2021,1477,5,PrEP,large,large
2022,240,9,PrEP,large,large
2023,934,1,No_PrEP,large,large
2024,2063,3,No_PrEP,large,large
2025,1797,2,No_PrEP,large,large
2026,2308,2,No_PrEP,large,large
2027,2902,1,No_PrEP,large,large
2028,2021,1,No_PrEP,large,large
2029,2375,2,No_PrEP,large,large
2030,1252,2,No_PrEP,large,large
2031,1377,3,No_PrEP,large,large
2032,2411,5,No_PrEP,large,large
2033,473,3,No_PrEP,large,large
2034,2522,1,No_PrEP,large,large
2035,1541,1,No_PrEP,large,large
2036,291,3,PrEP,small,large
2037,2771,1,No_PrEP,small,small
2038,1836,1,No_PrEP,large,large
2039,2351,1,No_PrEP,small,small
2040,2549,2,No_PrEP,large,large
2041,158,1,No_PrEP,large,large
2042,2355,2,No_PrEP,large,large
2043,2614,1,No_PrEP,small,large
2044,357,1,No_PrEP,large,large
2045,1472,3,No_PrEP,large,large
2046,1987,1,No_PrEP,large,large
2047,1162,7,PrEP,large,large
2048,1758,1,No_PrEP,large,large
2049,2317,1,No_PrEP,large,large
2050,2703,1,No_PrEP,small,small
2051,1840,3,No_PrEP,large,large
2052,2673,1,No_PrEP,large,large
2053,745,1,No_PrEP,large,large
2054,2585,1,No_PrEP,large,large
2055,11,1,No_PrEP,large,large
2056,905,2,No_PrEP,large,large
2057,760,5,PrEP,large,large
2058,1141,2,No_PrEP,large,large
2059,1703,5,PrEP,large,large
2060,2243,1,No_PrEP,large,large
2061,2318,2,No_PrEP,large,large
2062,88,2,No_PrEP,large,large
2063,2880,1,No_PrEP,small,small
2064,2149,1,No_PrEP,large,large
2065,686,3,No_PrEP,large,large
2066,2515,2,No_PrEP,large,large
2067,2189,1,No_PrEP,large,large
2068,762,1,No_PrEP,large,large
2069,1725,2,No_PrEP,large,large
2070,768,6,PrEP,large,large
2071,2423,2,No_PrEP,large,large
2072,367,2,No_PrEP,large,large
2073,1121,1,No_PrEP,large,large
2074,2099,2,No_PrEP,large,large
2075,588,3,No_PrEP,large,large
2076,660,7,PrEP,large,large
2077,355,2,No_PrEP,large,large
2078,1112,2,No_PrEP,large,large
2079,94,4,No_PrEP,large,large
2080,2933,1,No_PrEP,small,small
2081,42,1,No_PrEP,large,large
2082,2322,2,No_PrEP,large,large
2083,2846,1,PrEP,small,small
2084,23,3,No_PrEP,large,large
2085,2760,1,No_PrEP,small,small
2086,491,2,No_PrEP,large,large
2087,2134,1,No_PrEP,large,large
2088,2653,1,No_PrEP,large,large
2089,2464,1,No_PrEP,large,large
2090,2234,1,No_PrEP,large,large
2091,2521,1,No_PrEP,large,large
2092,2376,1,No_PrEP,large,large
2093,621,2,No_PrEP,large,large
2094,1628,5,No_PrEP,large,large
2095,1788,1,No_PrEP,large,large
2096,1247,1,No_PrEP,large,large
2097,542,1,No_PrEP,large,large
2098,2236,1,No_PrEP,large,large
2099,1499,1,No_PrEP,large,large
2100,1435,1,No_PrEP,large,large
2101,855,1,No_PrEP,large,large
2102,1244,1,No_PrEP,large,large
2103,2743,2,No_PrEP,large,large
2104,2240,1,No_PrEP,small,small
2105,2860,1,No_PrEP,large,large
2106,82,1,No_PrEP,large,large
2107,2079,4,PrEP,large,large
2108,1226,2,No_PrEP,large,large
2109,394,2,No_PrEP,large,large
2110,47,2,No_PrEP,large,large
2111,1415,4,PrEP,small,large
2112,1417,2,PrEP,small,large
2113,2208,4,PrEP,large,large
2114,2271,1,No_PrEP,large,large
2115,602,3,PrEP,large,large
2116,565,4,PrEP,large,large
2117,347,3,PrEP,large,large
2118,1684,2,No_PrEP,large,large
2119,1773,1,No_PrEP,large,large
2120,2701,3,No_PrEP,large,large
2121,1536,2,No_PrEP,large,large
2122,1567,1,No_PrEP,large,large
2123,2414,2,No_PrEP,large,large
2124,2843,3,No_PrEP,large,large
2125,1909,2,PrEP,large,large
2126,2613,3,No_PrEP,large,large
2127,790,1,No_PrEP,large,large
2128,541,1,No_PrEP,large,large
2129,1267,1,No_PrEP,large,large
2130,1657,1,No_PrEP,large,large
2131,1374,1,No_PrEP,large,large
2132,1976,1,PrEP,large,large
2133,2564,1,No_PrEP,large,large
2134,2252,4,No_PrEP,large,large
2135,709,3,PrEP,small,large
2136,447,1,No_PrEP,large,large
2137,2570,1,No_PrEP,large,large
2138,308,1,No_PrEP,large,large
2139,2884,1,No_PrEP,large,large
2140,751,6,PrEP,large,large
2141,2460,1,No_PrEP,small,small
2142,195,2,No_PrEP,large,large
2143,1018,6,PrEP,small,large
2144,593,1,No_PrEP,large,large
2145,794,1,No_PrEP,large,large
2146,2372,1,No_PrEP,large,large
2147,116,2,No_PrEP,large,large
2148,2606,2,PrEP,small,large
2149,220,2,No_PrEP,large,large
2150,2808,1,No_PrEP,large,large
2151,2247,2,No_PrEP,large,large
2152,516,5,PrEP,large,large
2153,1104,1,No_PrEP,large,large
2154,1265,2,No_PrEP,large,large
2155,2404,1,No_PrEP,large,large
2156,540,3,PrEP,large,large
2157,1408,2,No_PrEP,large,large
2158,701,1,No_PrEP,large,large
2159,1994,2,No_PrEP,large,large
2160,619,1,No_PrEP,large,large
2161,2060,1,No_PrEP,large,large
2162,1597,1,No_PrEP,large,large
2163,1895,2,No_PrEP,large,large
2164,1833,1,No_PrEP,large,large
2165,495,1,No_PrEP,large,large
2166,2254,1,No_PrEP,large,large
2167,761,3,PrEP,large,large
2168,808,8,PrEP,large,large
2169,1045,1,No_PrEP,large,large
2170,925,1,No_PrEP,large,large
2171,2618,3,PrEP,small,large
2172,2847,1,No_PrEP,large,large
2173,2742,1,No_PrEP,large,large
2174,1807,2,No_PrEP,large,large
2175,1431,4,PrEP,large,large
2176,36,1,No_PrEP,large,large
2177,1524,8,PrEP,large,large
2178,527,2,PrEP,small,large
2179,2088,3,No_PrEP,large,large
2180,1207,7,PrEP,large,large
2181,757,1,No_PrEP,large,large
2182,2365,2,No_PrEP,large,large
2183,2802,2,No_PrEP,large,large
2184,2534,1,No_PrEP,large,large
2185,2078,4,No_PrEP,large,large
2186,698,1,No_PrEP,large,large
2187,2642,2,No_PrEP,large,large
2188,81,3,No_PrEP,large,large
2189,1029,1,No_PrEP,large,large
2190,1566,1,No_PrEP,large,large
2191,2166,3,No_PrEP,large,large
2192,2587,1,No_PrEP,large,large
2193,2864,1,No_PrEP,small,small
2194,2545,1,No_PrEP,small,small
2195,1686,1,No_PrEP,large,large
2196,1802,3,No_PrEP,large,large
2197,1645,1,No_PrEP,large,large
2198,1803,1,No_PrEP,large,large
2199,564,2,No_PrEP,large,large
2200,1607,1,No_PrEP,large,large
2201,2245,2,PrEP,small,small
2202,49,9,PrEP,large,large
2203,2563,1,No_PrEP,large,large
2204,2300,1,No_PrEP,large,large
2205,2253,1,No_PrEP,small,small
2206,1044,1,No_PrEP,large,large
2207,2920,1,No_PrEP,small,small
2208,2280,3,PrEP,large,large
2209,1102,1,No_PrEP,large,large
2210,703,2,No_PrEP,large,large
2211,2681,1,No_PrEP,large,large
2212,198,1,No_PrEP,large,large
2213,2302,3,PrEP,large,large
2214,54,3,PrEP,large,large
2215,2434,1,No_PrEP,large,large
2216,543,1,No_PrEP,large,large
2217,1548,5,PrEP,large,large
2218,227,2,No_PrEP,large,large
2219,403,4,PrEP,large,large
2220,1363,2,No_PrEP,large,large
2221,97,5,PrEP,large,large
2222,2763,1,No_PrEP,large,large
2223,121,2,No_PrEP,large,large
2224,1388,1,No_PrEP,large,large
2225,2001,5,PrEP,large,large
2226,2546,2,PrEP,small,large
2227,2901,2,No_PrEP,small,small
2228,2285,1,No_PrEP,large,large
2229,2454,1,No_PrEP,small,small
2230,769,2,No_PrEP,large,large
2231,850,1,No_PrEP,large,large
2232,1990,1,No_PrEP,large,large
2233,2314,1,No_PrEP,small,small
2234,657,1,No_PrEP,large,large
2235,2289,1,No_PrEP,large,large
2236,2921,1,No_PrEP,small,large
2237,2684,2,No_PrEP,large,large
2238,2747,1,No_PrEP,large,large
2239,1281,2,PrEP,small,large
2240,2248,1,No_PrEP,large,large
2241,162,4,PrEP,large,large
2242,431,3,No_PrEP,large,large
2243,2293,1,PrEP,large,large
2244,1331,1,No_PrEP,large,large
2245,146,7,PrEP,large,large
2246,2728,2,No_PrEP,large,large
2247,1450,3,No_PrEP,small,small
2248,2032,1,No_PrEP,small,small
2249,2484,3,PrEP,large,large
2250,418,5,PrEP,large,large
2251,1855,1,No_PrEP,large,large
2252,2334,1,No_PrEP,large,large
2253,1148,3,No_PrEP,large,large
2254,2081,2,No_PrEP,large,large
2255,620,1,No_PrEP,large,large
2256,2502,1,No_PrEP,small,small
2257,1644,2,No_PrEP,large,large
2258,314,4,PrEP,large,large
2259,1508,5,PrEP,large,large
2260,1211,2,No_PrEP,large,large
2261,2488,1,No_PrEP,small,large
2262,2850,2,No_PrEP,large,large
2263,2536,1,No_PrEP,small,small
2264,1351,2,No_PrEP,large,large
2265,1323,1,No_PrEP,small,small
2266,1735,1,No_PrEP,large,large
2267,2169,3,PrEP,small,large
2268,157,3,PrEP,large,large
2269,2685,2,No_PrEP,large,large
2270,834,1,No_PrEP,large,large
2271,1865,7,PrEP,large,large
2272,178,1,No_PrEP,large,large
2273,1767,1,No_PrEP,large,large
2274,2929,1,No_PrEP,small,small
2275,1869,3,PrEP,large,large
2276,1347,1,No_PrEP,large,large
2277,1519,2,No_PrEP,large,large
2278,2391,2,No_PrEP,large,large
2279,2492,1,No_PrEP,large,large
2280,213,1,No_PrEP,large,large
2281,37,11,PrEP,large,large
2282,1070,1,No_PrEP,large,large
2283,612,4,No_PrEP,large,large
2284,183,1,No_PrEP,large,large
2285,2580,10,PrEP,large,large
2286,1076,2,No_PrEP,large,large
2287,713,4,PrEP,large,large
2288,10,2,No_PrEP,large,large
2289,124,1,No_PrEP,large,large
2290,406,1,No_PrEP,large,large
2291,554,1,No_PrEP,large,large
2292,1277,2,No_PrEP,large,large
2293,571,1,No_PrEP,large,large
2294,1559,2,PrEP,small,large
2295,792,3,PrEP,large,large
2296,1274,3,PrEP,large,large
2297,245,1,No_PrEP,large,large
2298,310,1,No_PrEP,large,large
2299,2349,3,PrEP,large,large
2300,2022,1,No_PrEP,large,large
2301,2795,1,No_PrEP,small,small
2302,2337,1,No_PrEP,small,small
2303,2792,2,No_PrEP,large,large
2304,2352,1,No_PrEP,large,large
2305,2761,1,No_PrEP,large,large
2306,1996,4,No_PrEP,large,large
2307,2046,1,No_PrEP,large,large
2308,1275,5,PrEP,large,large
2309,2798,2,No_PrEP,large,large
2310,2491,1,No_PrEP,large,large
2311,271,1,No_PrEP,large,large
2312,249,1,No_PrEP,large,large
2313,1780,1,No_PrEP,large,large
2314,2693,1,No_PrEP,small,small
2315,1201,2,No_PrEP,large,large
2316,2178,6,PrEP,large,large
2317,1255,1,No_PrEP,large,large
2318,704,1,No_PrEP,large,large
2319,1912,3,No_PrEP,large,large
2320,2507,1,No_PrEP,small,small
2321,188,4,PrEP,large,large
2322,1934,1,PrEP,large,large
2323,2455,1,No_PrEP,large,large
2324,545,1,No_PrEP,small,small
2325,2905,1,No_PrEP,large,large
2326,2193,1,No_PrEP,large,large
2327,2338,1,No_PrEP,large,large
2328,2578,2,No_PrEP,large,large
2329,753,2,No_PrEP,large,large
2330,2738,1,No_PrEP,large,large
2331,1694,2,No_PrEP,large,large
2332,1784,1,No_PrEP,large,large
2333,1523,1,No_PrEP,large,large
2334,1964,2,No_PrEP,large,large
2335,2872,2,No_PrEP,small,small
2336,1453,1,No_PrEP,large,large
2337,2347,1,No_PrEP,large,large
2338,1241,1,No_PrEP,small,small
2339,1587,3,PrEP,large,large
2340,2172,1,No_PrEP,large,large
2341,2359,1,No_PrEP,small,small
2342,2382,2,No_PrEP,large,large
2343,1001,1,No_PrEP,small,small
2344,583,1,No_PrEP,large,large
2345,2348,1,No_PrEP,small,small
2346,1801,1,PrEP,small,large
2347,2801,2,No_PrEP,small,small
2348,2235,2,No_PrEP,large,large
2349,2284,2,No_PrEP,large,large
2350,875,2,No_PrEP,large,large
2351,1606,1,No_PrEP,small,small
2352,2496,1,No_PrEP,large,large
2353,1791,1,No_PrEP,small,small
2354,2257,2,No_PrEP,large,large
2355,2012,1,No_PrEP,large,large
2356,2666,1,No_PrEP,large,large
2357,1159,3,PrEP,large,large
2358,1407,1,No_PrEP,large,large
2359,2329,5,PrEP,large,large
2360,2518,1,No_PrEP,large,large
2361,887,3,No_PrEP,large,large
2362,242,2,No_PrEP,small,small
2363,1053,1,No_PrEP,large,large
2364,2296,1,No_PrEP,small,small
2365,1171,4,No_PrEP,large,large
2366,820,3,No_PrEP,large,large
2367,1810,2,No_PrEP,large,large
2368,2717,1,No_PrEP,large,large
2369,1759,1,No_PrEP,large,large
2370,2715,1,No_PrEP,large,large
2371,2097,2,PrEP,large,large
2372,2624,1,No_PrEP,large,large
2373,1542,1,No_PrEP,large,large
2374,1325,1,No_PrEP,large,large
2375,2766,1,No_PrEP,small,large
2376,2402,2,No_PrEP,large,large
2377,1033,4,No_PrEP,large,large
2378,2638,1,No_PrEP,large,large
2379,186,1,No_PrEP,large,large
2380,2532,1,No_PrEP,large,large
2381,1911,1,No_PrEP,large,large
2382,524,1,No_PrEP,large,large
2383,2383,1,No_PrEP,large,large
2384,2366,3,PrEP,small,large
2385,1330,2,No_PrEP,large,large
2386,2719,2,No_PrEP,small,small
2387,2600,1,No_PrEP,large,large
2388,1106,2,No_PrEP,large,large
2389,574,2,No_PrEP,large,large
2390,59,1,No_PrEP,large,large
2391,759,3,No_PrEP,large,large
2392,1164,1,No_PrEP,large,large
2393,429,9,PrEP,large,large
2394,1868,4,PrEP,small,large
2395,185,1,No_PrEP,large,large
2396,2139,2,PrEP,large,large
2397,2401,1,No_PrEP,small,small
2398,2535,1,No_PrEP,large,large
2399,2690,2,No_PrEP,small,small
2400,1422,1,No_PrEP,small,small
2401,1983,3,PrEP,small,large
2402,2031,2,No_PrEP,large,large
2403,1610,1,No_PrEP,large,large
2404,1939,1,No_PrEP,large,large
2405,2729,2,No_PrEP,small,small
2406,1689,1,No_PrEP,large,large
2407,2926,1,No_PrEP,small,small
2408,1427,4,PrEP,small,large
2409,1754,1,No_PrEP,large,large
2410,1544,1,No_PrEP,small,small
2411,1808,3,No_PrEP,large,large
2412,78,1,PrEP,small,small
2413,2572,1,No_PrEP,large,large
2414,1611,1,No_PrEP,small,small
2415,1550,1,No_PrEP,large,large
2416,1692,2,No_PrEP,large,large
2417,1444,1,No_PrEP,large,large
2418,1894,2,PrEP,large,large
2419,246,1,No_PrEP,large,large
2420,2510,1,No_PrEP,large,large
2421,506,1,No_PrEP,large,large
2422,365,1,No_PrEP,large,large
2423,2353,1,No_PrEP,large,large
2424,1970,3,No_PrEP,large,large
2425,1322,1,No_PrEP,large,large
2426,1487,1,No_PrEP,large,large
2427,2788,1,No_PrEP,small,small
2428,2453,2,No_PrEP,large,large
2429,1206,4,PrEP,large,large
2430,2153,1,No_PrEP,large,large
2431,843,1,No_PrEP,large,large
2432,1649,1,PrEP,large,large
2433,1442,2,No_PrEP,large,large
2434,2634,2,No_PrEP,large,large
2435,1626,3,No_PrEP,large,large
2436,2756,1,No_PrEP,small,small
2437,700,2,No_PrEP,large,large
2438,2148,1,No_PrEP,large,large
2439,2061,2,No_PrEP,large,large
2440,1685,3,No_PrEP,large,large
2441,848,2,No_PrEP,large,large
2442,2194,2,No_PrEP,large,large
2443,2209,1,No_PrEP,large,large
2444,2730,1,No_PrEP,large,large
2445,2241,1,No_PrEP,small,large
2446,2869,2,No_PrEP,small,small
2447,1234,3,No_PrEP,large,large
2448,1841,2,No_PrEP,large,large
2449,66,2,No_PrEP,large,large
2450,2799,1,No_PrEP,small,small
2451,691,1,PrEP,large,large
2452,2147,1,No_PrEP,large,large
2453,1507,1,No_PrEP,large,large
2454,1553,1,No_PrEP,large,large
2455,2961,2,No_PrEP,small,small
2456,2804,1,No_PrEP,small,large
2457,2259,2,PrEP,large,large
2458,1762,1,No_PrEP,large,large
2459,2906,2,No_PrEP,large,large
2460,2919,1,No_PrEP,small,small
2461,2026,2,PrEP,small,large
2462,2399,1,No_PrEP,large,large
2463,390,1,No_PrEP,large,large
2464,816,1,No_PrEP,small,small
2465,841,4,PrEP,large,large
2466,2655,1,No_PrEP,large,large
2467,1652,2,No_PrEP,large,large
2468,2500,1,No_PrEP,large,large
2469,1052,1,No_PrEP,large,large
2470,1925,1,No_PrEP,large,large
2471,1352,1,No_PrEP,large,large
2472,2465,1,No_PrEP,large,large
2473,2036,1,No_PrEP,large,large
2474,2255,1,No_PrEP,large,large
2475,2538,1,No_PrEP,large,large
2476,2883,2,No_PrEP,small,large
2477,2299,5,PrEP,small,small
2478,1902,1,No_PrEP,large,large
2479,1817,1,No_PrEP,large,large
2480,2429,1,No_PrEP,large,large
2481,2436,2,No_PrEP,large,large
2482,1882,1,No_PrEP,large,large
2483,2692,2,No_PrEP,large,large
2484,1844,3,PrEP,large,large
2485,1969,1,No_PrEP,small,small
2486,921,1,No_PrEP,large,large
2487,1687,1,No_PrEP,large,large
2488,515,1,No_PrEP,small,small
2489,908,1,No_PrEP,large,large
2490,1003,1,No_PrEP,large,large
2491,264,2,No_PrEP,large,large
2492,2368,5,PrEP,small,large
2493,73,2,No_PrEP,large,large
2494,801,3,No_PrEP,large,large
2495,2830,1,No_PrEP,small,small
2496,1627,2,No_PrEP,large,large
2497,1521,1,No_PrEP,large,large
2498,111,1,No_PrEP,large,large
2499,2283,1,No_PrEP,small,small
2500,1116,2,No_PrEP,large,large
2501,2117,1,No_PrEP,large,large
2502,233,2,No_PrEP,large,large
2503,2789,1,No_PrEP,small,small
2504,1467,1,No_PrEP,small,small
2505,2815,1,No_PrEP,large,large
2506,1315,1,No_PrEP,large,large
2507,1723,1,No_PrEP,large,large
2508,2839,1,PrEP,small,large
2509,2781,2,PrEP,small,large
2510,975,2,No_PrEP,large,large
2511,2709,1,No_PrEP,small,small
2512,1483,2,No_PrEP,large,large
2513,232,1,No_PrEP,large,large
2514,1099,1,No_PrEP,large,large
2515,1932,4,No_PrEP,large,large
2516,1382,3,No_PrEP,large,large
2517,89,1,No_PrEP,large,large
2518,829,2,No_PrEP,large,large
2519,2242,3,PrEP,large,large
2520,1571,2,No_PrEP,large,large
2521,1458,2,No_PrEP,large,large
2522,2191,2,No_PrEP,large,large
2523,2275,1,No_PrEP,large,large
2524,1605,1,No_PrEP,large,large
2525,2014,1,No_PrEP,large,large
2526,705,2,No_PrEP,large,large
2527,259,4,PrEP,small,large
2528,2162,2,No_PrEP,large,large
2529,2890,2,No_PrEP,small,small
2530,1411,1,No_PrEP,large,large
2531,1120,2,No_PrEP,large,large
2532,2106,1,No_PrEP,large,large
2533,2767,1,No_PrEP,large,large
2534,1603,1,No_PrEP,large,large
2535,1910,1,No_PrEP,large,large
2536,2196,1,No_PrEP,large,large
2537,2739,1,No_PrEP,large,large
2538,2214,1,No_PrEP,large,large
2539,1897,2,No_PrEP,large,large
2540,2862,1,No_PrEP,small,small
2541,2913,1,No_PrEP,small,small
2542,2675,1,No_PrEP,large,large
2543,1409,1,No_PrEP,large,large
2544,1900,1,No_PrEP,large,large
2545,629,1,No_PrEP,small,small
2546,1813,3,No_PrEP,large,large
2547,1579,7,No_PrEP,large,large
2548,833,1,No_PrEP,large,large
2549,1500,1,No_PrEP,large,large
2550,2267,2,No_PrEP,large,large
2551,2821,1,PrEP,small,large
2552,1410,1,No_PrEP,large,large
2553,1947,1,PrEP,small,large
2554,2935,1,No_PrEP,small,small
2555,2639,1,No_PrEP,large,large
2556,1623,2,PrEP,small,large
2557,2244,1,No_PrEP,large,large
2558,736,1,No_PrEP,large,large
2559,1793,3,PrEP,large,large
2560,2116,2,No_PrEP,large,large
2561,2637,1,No_PrEP,small,small
2562,1212,1,No_PrEP,large,large
2563,932,3,No_PrEP,large,large
2564,2085,2,No_PrEP,large,large
2565,1372,1,No_PrEP,small,small
2566,2842,1,No_PrEP,small,small
2567,810,2,No_PrEP,large,large
2568,2707,2,No_PrEP,small,large
2569,531,1,No_PrEP,large,large
2570,2009,1,No_PrEP,large,large
2571,2427,1,No_PrEP,large,large
2572,2931,1,No_PrEP,small,small
2573,2588,1,No_PrEP,large,large
2574,1866,1,No_PrEP,large,large
2575,716,2,PrEP,large,large
2576,1812,1,No_PrEP,small,small
2577,1929,2,No_PrEP,small,small
2578,1258,2,No_PrEP,large,large
2579,1087,1,No_PrEP,large,large
2580,1469,1,No_PrEP,large,large
2581,1448,1,No_PrEP,large,large
2582,2848,1,No_PrEP,small,small
2583,594,2,No_PrEP,large,large
2584,1952,1,No_PrEP,large,large
2585,2158,1,No_PrEP,large,large
2586,1446,1,No_PrEP,small,small
2587,2582,1,PrEP,small,large
2588,2765,2,PrEP,small,large
2589,2917,1,No_PrEP,small,small
2590,2826,1,No_PrEP,small,small
2591,1181,1,No_PrEP,large,large
2592,1557,1,No_PrEP,large,large
2593,2418,2,No_PrEP,large,large
2594,99,1,PrEP,large,large
2595,2824,1,No_PrEP,small,small
2596,2916,1,No_PrEP,small,small
2597,2818,2,No_PrEP,large,large
2598,2183,3,No_PrEP,large,large
2599,984,1,No_PrEP,large,large
2600,1466,1,No_PrEP,small,small
2601,2620,1,No_PrEP,small,small
2602,2687,2,No_PrEP,small,small
2603,1966,1,No_PrEP,large,large
2604,1819,2,No_PrEP,small,small
2605,2704,1,No_PrEP,large,large
2606,1837,1,No_PrEP,large,large
2607,1170,1,No_PrEP,large,large
2608,2594,1,PrEP,small,large
2609,678,1,No_PrEP,large,large
2610,1881,1,No_PrEP,small,small
2611,1165,2,PrEP,large,large
2612,2769,1,No_PrEP,large,large
2613,2190,1,No_PrEP,large,large
2614,123,2,No_PrEP,large,large
2615,255,1,No_PrEP,large,large
2616,1998,1,No_PrEP,small,small
2617,1824,2,PrEP,small,large
2618,1480,2,No_PrEP,large,large
2619,1658,1,No_PrEP,large,large
2620,2315,1,No_PrEP,large,large
2621,2497,2,No_PrEP,large,large
2622,1896,2,No_PrEP,large,large
2623,2698,1,PrEP,small,small
2624,2823,1,No_PrEP,large,large
2625,2676,1,No_PrEP,large,large
2626,2325,2,No_PrEP,large,large
2627,2775,2,No_PrEP,small,small
2628,2776,1,No_PrEP,large,large
2629,1452,1,No_PrEP,large,large
2630,2615,1,PrEP,small,small
2631,2706,1,No_PrEP,large,large
2632,2942,1,No_PrEP,small,small
2633,1716,1,No_PrEP,small,small
2634,1,1,No_PrEP,large,large
2635,2959,1,No_PrEP,small,small
2636,2344,2,No_PrEP,large,large
2637,1712,1,No_PrEP,small,small
2638,2517,1,No_PrEP,small,large
2639,2938,1,No_PrEP,small,small
2640,2932,1,No_PrEP,small,small
2641,2182,1,No_PrEP,large,large
2642,2868,1,PrEP,small,small
2643,2107,1,No_PrEP,large,large
2644,1428,2,PrEP,large,large
2645,33,1,No_PrEP,large,large
2646,2934,1,No_PrEP,small,small
2647,2431,2,No_PrEP,large,large
2648,2412,1,No_PrEP,small,small
2649,1575,1,No_PrEP,large,large
2650,1264,1,No_PrEP,large,large
2651,2381,1,No_PrEP,large,large
2652,2261,1,PrEP,small,large
2653,2472,1,No_PrEP,small,small
2654,2686,1,No_PrEP,small,small
2655,2217,1,No_PrEP,small,small
2656,2328,1,No_PrEP,small,small
2657,2835,1,No_PrEP,small,small
2658,2524,1,PrEP,small,small
2659,2954,1,No_PrEP,small,small
2660,2629,1,No_PrEP,small,small
2661,2403,1,No_PrEP,large,large
2662,723,1,No_PrEP,large,large
2663,2722,1,No_PrEP,small,small
2664,1455,1,No_PrEP,large,large
2665,1827,1,PrEP,small,large
2666,878,1,No_PrEP,large,large
2667,2720,1,No_PrEP,large,large
2668,1674,1,No_PrEP,large,large
2669,2712,1,No_PrEP,small,small
2670,1134,2,No_PrEP,large,large
2671,2807,1,No_PrEP,large,large
2672,2871,1,PrEP,small,small
2673,2856,1,No_PrEP,small,small
2674,1852,1,No_PrEP,small,small
2675,1357,2,No_PrEP,large,large
2676,2725,1,No_PrEP,large,large
2677,2656,1,No_PrEP,large,large
2678,2458,1,No_PrEP,large,large
2679,1097,1,PrEP,large,large
2680,2772,1,PrEP,small,small
2681,2819,1,No_PrEP,small,small
2682,2565,1,No_PrEP,large,large
2683,2468,1,No_PrEP,small,small
2684,2146,2,No_PrEP,large,large
2685,1854,1,No_PrEP,small,small
2686,2333,2,No_PrEP,large,large
2687,2529,1,No_PrEP,large,large
2688,472,1,No_PrEP,large,large
2689,2023,1,No_PrEP,large,large
2690,2632,1,PrEP,small,small
2691,2796,1,PrEP,small,small
2692,548,1,No_PrEP,large,large
2693,197,1,No_PrEP,large,large
2694,2667,1,No_PrEP,small,small
2695,2287,1,No_PrEP,small,small
2696,1533,1,No_PrEP,large,large
2697,2660,1,No_PrEP,large,large
2698,2877,1,No_PrEP,small,small
2699,2204,1,No_PrEP,small,small
2700,2092,2,No_PrEP,large,large
2701,2591,1,No_PrEP,small,small
2702,2104,1,No_PrEP,large,large
2703,2956,1,No_PrEP,small,small
2704,644,1,No_PrEP,large,large
2705,2419,1,No_PrEP,large,large
2706,2896,1,No_PrEP,small,large
2707,1457,1,No_PrEP,large,large
